SSS,Longitude,Latitude
FE1_2011__Kutt 1 1,145.343,-19.66
FE1_2011__Kutt 1 1,145.343,-19.66
FE1_2011__Kutt 1 1,145.343,-19.66
FE1_2011__Kutt 1 1,145.343,-19.66
FE1_2011__Kutt 1 1,145.343,-19.66
FE1_2011__Kutt 1 1,145.343,-19.66
FE1_2011__Kutt 1 1,145.343,-19.66
FE1_2011__Kutt 1 1,145.343,-19.66
FE1_2011__Kutt 1 1,145.343,-19.66
FE1_2011__Kutt 1 1,145.343,-19.66
FE1_2011__Kutt 1 1,145.343,-19.66
FE1_2011__Kutt 1 1,145.343,-19.66
FE1_2011__Kutt 1 1,145.343,-19.66
FE1_2011__Kutt 1 1,145.343,-19.66
FE1_2011__Kutt 1 1,145.343,-19.66
FE1_2011__Kutt 1 1,145.343,-19.66
FE1_2011__Kutt 1 1,145.343,-19.66
FE1_2011__Kutt 1 1,145.343,-19.66
FE1_2011__Kutt 1 2,145.347,-19.6125
FE1_2011__Kutt 1 2,145.347,-19.6125
FE1_2011__Kutt 1 2,145.347,-19.6125
FE1_2011__Kutt 1 2,145.347,-19.6125
FE1_2011__Kutt 1 2,145.347,-19.6125
FE1_2011__Kutt 1 2,145.347,-19.6125
FE1_2011__Kutt 1 2,145.347,-19.6125
FE1_2011__Kutt 1 2,145.347,-19.6125
FE1_2011__Kutt 1 2,145.347,-19.6125
FE1_2011__Kutt 1 2,145.347,-19.6125
FE1_2011__Kutt 1 2,145.347,-19.6125
FE1_2011__Kutt 1 2,145.347,-19.6125
FE1_2011__Kutt 1 2,145.347,-19.6125
FE1_2011__Kutt 1 2,145.347,-19.6125
FE1_2011__Kutt 1 2,145.347,-19.6125
FE1_2011__Kutt 1 2,145.347,-19.6125
FE1_2011__Kutt 1 2,145.347,-19.6125
FE1_2011__Kutt 1 2,145.347,-19.6125
FE1_2011__Kutt 1 3,145.348,-19.6085
FE1_2011__Kutt 1 3,145.348,-19.6085
FE1_2011__Kutt 1 3,145.348,-19.6085
FE1_2011__Kutt 1 3,145.348,-19.6085
FE1_2011__Kutt 1 3,145.348,-19.6085
FE1_2011__Kutt 1 3,145.348,-19.6085
FE1_2011__Kutt 1 3,145.348,-19.6085
FE1_2011__Kutt 1 3,145.348,-19.6085
FE1_2011__Kutt 1 3,145.348,-19.6085
FE1_2011__Kutt 1 3,145.348,-19.6085
FE1_2011__Kutt 1 3,145.348,-19.6085
FE1_2011__Kutt 1 3,145.348,-19.6085
FE1_2011__Kutt 1 3,145.348,-19.6085
FE1_2011__Kutt 1 3,145.348,-19.6085
FE1_2011__Kutt 1 3,145.348,-19.6085
FE1_2011__Kutt 1 3,145.348,-19.6085
FE1_2011__Kutt 1 3,145.348,-19.6085
FE1_2011__Kutt 1 3,145.348,-19.6085
FE1_2011__Kutt 1 4,145.34,-19.594
FE1_2011__Kutt 1 4,145.34,-19.594
FE1_2011__Kutt 1 4,145.34,-19.594
FE1_2011__Kutt 1 4,145.34,-19.594
FE1_2011__Kutt 1 4,145.34,-19.594
FE1_2011__Kutt 1 4,145.34,-19.594
FE1_2011__Kutt 1 4,145.34,-19.594
FE1_2011__Kutt 1 4,145.34,-19.594
FE1_2011__Kutt 1 4,145.34,-19.594
FE1_2011__Kutt 1 4,145.34,-19.594
FE1_2011__Kutt 1 4,145.34,-19.594
FE1_2011__Kutt 1 4,145.34,-19.594
FE1_2011__Kutt 1 4,145.34,-19.594
FE1_2011__Kutt 1 4,145.34,-19.594
FE1_2011__Kutt 1 4,145.34,-19.594
FE1_2011__Kutt 1 4,145.34,-19.594
FE1_2011__Kutt 1 4,145.34,-19.594
FE1_2011__Kutt 1 4,145.34,-19.594
FE1_2011__Kutt 1 5,145.358,-19.5927
FE1_2011__Kutt 1 5,145.358,-19.5927
FE1_2011__Kutt 1 5,145.358,-19.5927
FE1_2011__Kutt 1 5,145.358,-19.5927
FE1_2011__Kutt 1 5,145.358,-19.5927
FE1_2011__Kutt 1 5,145.358,-19.5927
FE1_2011__Kutt 1 5,145.358,-19.5927
FE1_2011__Kutt 1 5,145.358,-19.5927
FE1_2011__Kutt 1 5,145.358,-19.5927
FE1_2011__Kutt 1 5,145.358,-19.5927
FE1_2011__Kutt 1 5,145.358,-19.5927
FE1_2011__Kutt 1 5,145.358,-19.5927
FE1_2011__Kutt 1 5,145.358,-19.5927
FE1_2011__Kutt 1 5,145.358,-19.5927
FE1_2011__Kutt 1 5,145.358,-19.5927
FE1_2011__Kutt 1 5,145.358,-19.5927
FE1_2011__Kutt 1 5,145.358,-19.5927
FE1_2011__Kutt 1 5,145.358,-19.5927
FE1_2011__Kutt 1 6,145.363,-19.5985
FE1_2011__Kutt 1 6,145.363,-19.5985
FE1_2011__Kutt 1 6,145.363,-19.5985
FE1_2011__Kutt 1 6,145.363,-19.5985
FE1_2011__Kutt 1 6,145.363,-19.5985
FE1_2011__Kutt 1 6,145.363,-19.5985
FE1_2011__Kutt 1 6,145.363,-19.5985
FE1_2011__Kutt 1 6,145.363,-19.5985
FE1_2011__Kutt 1 6,145.363,-19.5985
FE1_2011__Kutt 1 6,145.363,-19.5985
FE1_2011__Kutt 1 6,145.363,-19.5985
FE1_2011__Kutt 1 6,145.363,-19.5985
FE1_2011__Kutt 1 6,145.363,-19.5985
FE1_2011__Kutt 1 6,145.363,-19.5985
FE1_2011__Kutt 1 6,145.363,-19.5985
FE1_2011__Kutt 1 6,145.363,-19.5985
FE1_2011__Kutt 1 6,145.363,-19.5985
FE1_2011__Kutt 1 6,145.363,-19.5985
FE1_2011__Kutt 1 7,145.371,-19.5795
FE1_2011__Kutt 1 7,145.371,-19.5795
FE1_2011__Kutt 1 7,145.371,-19.5795
FE1_2011__Kutt 1 7,145.371,-19.5795
FE1_2011__Kutt 1 7,145.371,-19.5795
FE1_2011__Kutt 1 7,145.371,-19.5795
FE1_2011__Kutt 1 7,145.371,-19.5795
FE1_2011__Kutt 1 7,145.371,-19.5795
FE1_2011__Kutt 1 7,145.371,-19.5795
FE1_2011__Kutt 1 7,145.371,-19.5795
FE1_2011__Kutt 1 7,145.371,-19.5795
FE1_2011__Kutt 1 7,145.371,-19.5795
FE1_2011__Kutt 1 7,145.371,-19.5795
FE1_2011__Kutt 1 7,145.371,-19.5795
FE1_2011__Kutt 1 7,145.371,-19.5795
FE1_2011__Kutt 1 7,145.371,-19.5795
FE1_2011__Kutt 1 7,145.371,-19.5795
FE1_2011__Kutt 1 7,145.371,-19.5795
FE1_2011__Kutt 1 8,145.377,-19.5787
FE1_2011__Kutt 1 8,145.377,-19.5787
FE1_2011__Kutt 1 8,145.377,-19.5787
FE1_2011__Kutt 1 8,145.377,-19.5787
FE1_2011__Kutt 1 8,145.377,-19.5787
FE1_2011__Kutt 1 8,145.377,-19.5787
FE1_2011__Kutt 1 8,145.377,-19.5787
FE1_2011__Kutt 1 8,145.377,-19.5787
FE1_2011__Kutt 1 8,145.377,-19.5787
FE1_2011__Kutt 1 8,145.377,-19.5787
FE1_2011__Kutt 1 8,145.377,-19.5787
FE1_2011__Kutt 1 8,145.377,-19.5787
FE1_2011__Kutt 1 8,145.377,-19.5787
FE1_2011__Kutt 1 8,145.377,-19.5787
FE1_2011__Kutt 1 8,145.377,-19.5787
FE1_2011__Kutt 1 8,145.377,-19.5787
FE1_2011__Kutt 1 8,145.377,-19.5787
FE1_2011__Kutt 1 8,145.377,-19.5787
FE1_2011__Kutt 1 9,145.441,-19.6816
FE1_2011__Kutt 1 9,145.441,-19.6816
FE1_2011__Kutt 1 9,145.441,-19.6816
FE1_2011__Kutt 1 9,145.441,-19.6816
FE1_2011__Kutt 1 9,145.441,-19.6816
FE1_2011__Kutt 1 9,145.441,-19.6816
FE1_2011__Kutt 1 9,145.441,-19.6816
FE1_2011__Kutt 1 9,145.441,-19.6816
FE1_2011__Kutt 1 9,145.441,-19.6816
FE1_2011__Kutt 1 9,145.441,-19.6816
FE1_2011__Kutt 1 9,145.441,-19.6816
FE1_2011__Kutt 1 9,145.441,-19.6816
FE1_2011__Kutt 1 9,145.441,-19.6816
FE1_2011__Kutt 1 9,145.441,-19.6816
FE1_2011__Kutt 1 9,145.441,-19.6816
FE1_2011__Kutt 1 9,145.441,-19.6816
FE1_2011__Kutt 1 9,145.441,-19.6816
FE1_2011__Kutt 1 9,145.441,-19.6816
FE1_2011__Kutt 1 10,145.441,-19.6867
FE1_2011__Kutt 1 10,145.441,-19.6867
FE1_2011__Kutt 1 10,145.441,-19.6867
FE1_2011__Kutt 1 10,145.441,-19.6867
FE1_2011__Kutt 1 10,145.441,-19.6867
FE1_2011__Kutt 1 10,145.441,-19.6867
FE1_2011__Kutt 1 10,145.441,-19.6867
FE1_2011__Kutt 1 10,145.441,-19.6867
FE1_2011__Kutt 1 10,145.441,-19.6867
FE1_2011__Kutt 1 10,145.441,-19.6867
FE1_2011__Kutt 1 10,145.441,-19.6867
FE1_2011__Kutt 1 10,145.441,-19.6867
FE1_2011__Kutt 1 10,145.441,-19.6867
FE1_2011__Kutt 1 10,145.441,-19.6867
FE1_2011__Kutt 1 10,145.441,-19.6867
FE1_2011__Kutt 1 10,145.441,-19.6867
FE1_2011__Kutt 1 10,145.441,-19.6867
FE1_2011__Kutt 1 10,145.441,-19.6867
FE1_2011__Kutt 1 11,145.449,-19.6986
FE1_2011__Kutt 1 11,145.449,-19.6986
FE1_2011__Kutt 1 11,145.449,-19.6986
FE1_2011__Kutt 1 11,145.449,-19.6986
FE1_2011__Kutt 1 11,145.449,-19.6986
FE1_2011__Kutt 1 11,145.449,-19.6986
FE1_2011__Kutt 1 11,145.449,-19.6986
FE1_2011__Kutt 1 11,145.449,-19.6986
FE1_2011__Kutt 1 11,145.449,-19.6986
FE1_2011__Kutt 1 11,145.449,-19.6986
FE1_2011__Kutt 1 11,145.449,-19.6986
FE1_2011__Kutt 1 11,145.449,-19.6986
FE1_2011__Kutt 1 11,145.449,-19.6986
FE1_2011__Kutt 1 11,145.449,-19.6986
FE1_2011__Kutt 1 11,145.449,-19.6986
FE1_2011__Kutt 1 11,145.449,-19.6986
FE1_2011__Kutt 1 11,145.449,-19.6986
FE1_2011__Kutt 1 11,145.449,-19.6986
FE1_2011__Kutt 1 12,145.46,-19.7001
FE1_2011__Kutt 1 12,145.46,-19.7001
FE1_2011__Kutt 1 12,145.46,-19.7001
FE1_2011__Kutt 1 12,145.46,-19.7001
FE1_2011__Kutt 1 12,145.46,-19.7001
FE1_2011__Kutt 1 12,145.46,-19.7001
FE1_2011__Kutt 1 12,145.46,-19.7001
FE1_2011__Kutt 1 12,145.46,-19.7001
FE1_2011__Kutt 1 12,145.46,-19.7001
FE1_2011__Kutt 1 12,145.46,-19.7001
FE1_2011__Kutt 1 12,145.46,-19.7001
FE1_2011__Kutt 1 12,145.46,-19.7001
FE1_2011__Kutt 1 12,145.46,-19.7001
FE1_2011__Kutt 1 12,145.46,-19.7001
FE1_2011__Kutt 1 12,145.46,-19.7001
FE1_2011__Kutt 1 12,145.46,-19.7001
FE1_2011__Kutt 1 12,145.46,-19.7001
FE1_2011__Kutt 1 12,145.46,-19.7001
FE1_2011__Kutt 1 13,145.453,-19.7026
FE1_2011__Kutt 1 13,145.453,-19.7026
FE1_2011__Kutt 1 13,145.453,-19.7026
FE1_2011__Kutt 1 13,145.453,-19.7026
FE1_2011__Kutt 1 13,145.453,-19.7026
FE1_2011__Kutt 1 13,145.453,-19.7026
FE1_2011__Kutt 1 13,145.453,-19.7026
FE1_2011__Kutt 1 13,145.453,-19.7026
FE1_2011__Kutt 1 13,145.453,-19.7026
FE1_2011__Kutt 1 13,145.453,-19.7026
FE1_2011__Kutt 1 13,145.453,-19.7026
FE1_2011__Kutt 1 13,145.453,-19.7026
FE1_2011__Kutt 1 13,145.453,-19.7026
FE1_2011__Kutt 1 13,145.453,-19.7026
FE1_2011__Kutt 1 13,145.453,-19.7026
FE1_2011__Kutt 1 13,145.453,-19.7026
FE1_2011__Kutt 1 13,145.453,-19.7026
FE1_2011__Kutt 1 13,145.453,-19.7026
FE1_2011__Kutt 1 14,145.45,-19.6847
FE1_2011__Kutt 1 14,145.45,-19.6847
FE1_2011__Kutt 1 14,145.45,-19.6847
FE1_2011__Kutt 1 14,145.45,-19.6847
FE1_2011__Kutt 1 14,145.45,-19.6847
FE1_2011__Kutt 1 14,145.45,-19.6847
FE1_2011__Kutt 1 14,145.45,-19.6847
FE1_2011__Kutt 1 14,145.45,-19.6847
FE1_2011__Kutt 1 14,145.45,-19.6847
FE1_2011__Kutt 1 14,145.45,-19.6847
FE1_2011__Kutt 1 14,145.45,-19.6847
FE1_2011__Kutt 1 14,145.45,-19.6847
FE1_2011__Kutt 1 14,145.45,-19.6847
FE1_2011__Kutt 1 14,145.45,-19.6847
FE1_2011__Kutt 1 14,145.45,-19.6847
FE1_2011__Kutt 1 14,145.45,-19.6847
FE1_2011__Kutt 1 14,145.45,-19.6847
FE1_2011__Kutt 1 14,145.45,-19.6847
FE1_2011__Kutt 1 15,145.459,-19.6863
FE1_2011__Kutt 1 15,145.459,-19.6863
FE1_2011__Kutt 1 15,145.459,-19.6863
FE1_2011__Kutt 1 15,145.459,-19.6863
FE1_2011__Kutt 1 15,145.459,-19.6863
FE1_2011__Kutt 1 15,145.459,-19.6863
FE1_2011__Kutt 1 15,145.459,-19.6863
FE1_2011__Kutt 1 15,145.459,-19.6863
FE1_2011__Kutt 1 15,145.459,-19.6863
FE1_2011__Kutt 1 15,145.459,-19.6863
FE1_2011__Kutt 1 15,145.459,-19.6863
FE1_2011__Kutt 1 15,145.459,-19.6863
FE1_2011__Kutt 1 15,145.459,-19.6863
FE1_2011__Kutt 1 15,145.459,-19.6863
FE1_2011__Kutt 1 15,145.459,-19.6863
FE1_2011__Kutt 1 15,145.459,-19.6863
FE1_2011__Kutt 1 15,145.459,-19.6863
FE1_2011__Kutt 1 15,145.459,-19.6863
FE1_2011__Kutt 1 16,145.464,-19.6868
FE1_2011__Kutt 1 16,145.464,-19.6868
FE1_2011__Kutt 1 16,145.464,-19.6868
FE1_2011__Kutt 1 16,145.464,-19.6868
FE1_2011__Kutt 1 16,145.464,-19.6868
FE1_2011__Kutt 1 16,145.464,-19.6868
FE1_2011__Kutt 1 16,145.464,-19.6868
FE1_2011__Kutt 1 16,145.464,-19.6868
FE1_2011__Kutt 1 16,145.464,-19.6868
FE1_2011__Kutt 1 16,145.464,-19.6868
FE1_2011__Kutt 1 16,145.464,-19.6868
FE1_2011__Kutt 1 16,145.464,-19.6868
FE1_2011__Kutt 1 16,145.464,-19.6868
FE1_2011__Kutt 1 16,145.464,-19.6868
FE1_2011__Kutt 1 16,145.464,-19.6868
FE1_2011__Kutt 1 16,145.464,-19.6868
FE1_2011__Kutt 1 16,145.464,-19.6868
FE1_2011__Kutt 1 16,145.464,-19.6868
FE1_2011__Kutt 1 17,145.498,-19.6818
FE1_2011__Kutt 1 17,145.498,-19.6818
FE1_2011__Kutt 1 17,145.498,-19.6818
FE1_2011__Kutt 1 17,145.498,-19.6818
FE1_2011__Kutt 1 17,145.498,-19.6818
FE1_2011__Kutt 1 17,145.498,-19.6818
FE1_2011__Kutt 1 17,145.498,-19.6818
FE1_2011__Kutt 1 17,145.498,-19.6818
FE1_2011__Kutt 1 17,145.498,-19.6818
FE1_2011__Kutt 1 17,145.498,-19.6818
FE1_2011__Kutt 1 17,145.498,-19.6818
FE1_2011__Kutt 1 17,145.498,-19.6818
FE1_2011__Kutt 1 17,145.498,-19.6818
FE1_2011__Kutt 1 17,145.498,-19.6818
FE1_2011__Kutt 1 17,145.498,-19.6818
FE1_2011__Kutt 1 17,145.498,-19.6818
FE1_2011__Kutt 1 17,145.498,-19.6818
FE1_2011__Kutt 1 17,145.498,-19.6818
FE1_2011__Kutt 1 18,145.503,-19.682
FE1_2011__Kutt 1 18,145.503,-19.682
FE1_2011__Kutt 1 18,145.503,-19.682
FE1_2011__Kutt 1 18,145.503,-19.682
FE1_2011__Kutt 1 18,145.503,-19.682
FE1_2011__Kutt 1 18,145.503,-19.682
FE1_2011__Kutt 1 18,145.503,-19.682
FE1_2011__Kutt 1 18,145.503,-19.682
FE1_2011__Kutt 1 18,145.503,-19.682
FE1_2011__Kutt 1 18,145.503,-19.682
FE1_2011__Kutt 1 18,145.503,-19.682
FE1_2011__Kutt 1 18,145.503,-19.682
FE1_2011__Kutt 1 18,145.503,-19.682
FE1_2011__Kutt 1 18,145.503,-19.682
FE1_2011__Kutt 1 18,145.503,-19.682
FE1_2011__Kutt 1 18,145.503,-19.682
FE1_2011__Kutt 1 18,145.503,-19.682
FE1_2011__Kutt 1 18,145.503,-19.682
FE1_2011__Kutt 1 19,145.599,-19.8453
FE1_2011__Kutt 1 19,145.599,-19.8453
FE1_2011__Kutt 1 19,145.599,-19.8453
FE1_2011__Kutt 1 19,145.599,-19.8453
FE1_2011__Kutt 1 19,145.599,-19.8453
FE1_2011__Kutt 1 19,145.599,-19.8453
FE1_2011__Kutt 1 19,145.599,-19.8453
FE1_2011__Kutt 1 19,145.599,-19.8453
FE1_2011__Kutt 1 19,145.599,-19.8453
FE1_2011__Kutt 1 19,145.599,-19.8453
FE1_2011__Kutt 1 19,145.599,-19.8453
FE1_2011__Kutt 1 19,145.599,-19.8453
FE1_2011__Kutt 1 19,145.599,-19.8453
FE1_2011__Kutt 1 19,145.599,-19.8453
FE1_2011__Kutt 1 19,145.599,-19.8453
FE1_2011__Kutt 1 19,145.599,-19.8453
FE1_2011__Kutt 1 19,145.599,-19.8453
FE1_2011__Kutt 1 19,145.599,-19.8453
FE1_2011__Kutt 1 20,145.615,-19.831
FE1_2011__Kutt 1 20,145.615,-19.831
FE1_2011__Kutt 1 20,145.615,-19.831
FE1_2011__Kutt 1 20,145.615,-19.831
FE1_2011__Kutt 1 20,145.615,-19.831
FE1_2011__Kutt 1 20,145.615,-19.831
FE1_2011__Kutt 1 20,145.615,-19.831
FE1_2011__Kutt 1 20,145.615,-19.831
FE1_2011__Kutt 1 20,145.615,-19.831
FE1_2011__Kutt 1 20,145.615,-19.831
FE1_2011__Kutt 1 20,145.615,-19.831
FE1_2011__Kutt 1 20,145.615,-19.831
FE1_2011__Kutt 1 20,145.615,-19.831
FE1_2011__Kutt 1 20,145.615,-19.831
FE1_2011__Kutt 1 20,145.615,-19.831
FE1_2011__Kutt 1 20,145.615,-19.831
FE1_2011__Kutt 1 20,145.615,-19.831
FE1_2011__Kutt 1 20,145.615,-19.831
FE1_2011__Kutt 1 21,145.618,-19.8152
FE1_2011__Kutt 1 21,145.618,-19.8152
FE1_2011__Kutt 1 21,145.618,-19.8152
FE1_2011__Kutt 1 21,145.618,-19.8152
FE1_2011__Kutt 1 21,145.618,-19.8152
FE1_2011__Kutt 1 21,145.618,-19.8152
FE1_2011__Kutt 1 21,145.618,-19.8152
FE1_2011__Kutt 1 21,145.618,-19.8152
FE1_2011__Kutt 1 21,145.618,-19.8152
FE1_2011__Kutt 1 21,145.618,-19.8152
FE1_2011__Kutt 1 21,145.618,-19.8152
FE1_2011__Kutt 1 21,145.618,-19.8152
FE1_2011__Kutt 1 21,145.618,-19.8152
FE1_2011__Kutt 1 21,145.618,-19.8152
FE1_2011__Kutt 1 21,145.618,-19.8152
FE1_2011__Kutt 1 21,145.618,-19.8152
FE1_2011__Kutt 1 21,145.618,-19.8152
FE1_2011__Kutt 1 21,145.618,-19.8152
FE1_2011__Kutt 1 22,145.618,-19.8109
FE1_2011__Kutt 1 22,145.618,-19.8109
FE1_2011__Kutt 1 22,145.618,-19.8109
FE1_2011__Kutt 1 22,145.618,-19.8109
FE1_2011__Kutt 1 22,145.618,-19.8109
FE1_2011__Kutt 1 22,145.618,-19.8109
FE1_2011__Kutt 1 22,145.618,-19.8109
FE1_2011__Kutt 1 22,145.618,-19.8109
FE1_2011__Kutt 1 22,145.618,-19.8109
FE1_2011__Kutt 1 22,145.618,-19.8109
FE1_2011__Kutt 1 22,145.618,-19.8109
FE1_2011__Kutt 1 22,145.618,-19.8109
FE1_2011__Kutt 1 22,145.618,-19.8109
FE1_2011__Kutt 1 22,145.618,-19.8109
FE1_2011__Kutt 1 22,145.618,-19.8109
FE1_2011__Kutt 1 22,145.618,-19.8109
FE1_2011__Kutt 1 22,145.618,-19.8109
FE1_2011__Kutt 1 22,145.618,-19.8109
FE1_2011__Kutt 1 23,145.635,-19.8173
FE1_2011__Kutt 1 23,145.635,-19.8173
FE1_2011__Kutt 1 23,145.635,-19.8173
FE1_2011__Kutt 1 23,145.635,-19.8173
FE1_2011__Kutt 1 23,145.635,-19.8173
FE1_2011__Kutt 1 23,145.635,-19.8173
FE1_2011__Kutt 1 23,145.635,-19.8173
FE1_2011__Kutt 1 23,145.635,-19.8173
FE1_2011__Kutt 1 23,145.635,-19.8173
FE1_2011__Kutt 1 23,145.635,-19.8173
FE1_2011__Kutt 1 23,145.635,-19.8173
FE1_2011__Kutt 1 23,145.635,-19.8173
FE1_2011__Kutt 1 23,145.635,-19.8173
FE1_2011__Kutt 1 23,145.635,-19.8173
FE1_2011__Kutt 1 23,145.635,-19.8173
FE1_2011__Kutt 1 23,145.635,-19.8173
FE1_2011__Kutt 1 23,145.635,-19.8173
FE1_2011__Kutt 1 23,145.635,-19.8173
FE1_2011__Kutt 1 24,145.64,-19.8169
FE1_2011__Kutt 1 24,145.64,-19.8169
FE1_2011__Kutt 1 24,145.64,-19.8169
FE1_2011__Kutt 1 24,145.64,-19.8169
FE1_2011__Kutt 1 24,145.64,-19.8169
FE1_2011__Kutt 1 24,145.64,-19.8169
FE1_2011__Kutt 1 24,145.64,-19.8169
FE1_2011__Kutt 1 24,145.64,-19.8169
FE1_2011__Kutt 1 24,145.64,-19.8169
FE1_2011__Kutt 1 24,145.64,-19.8169
FE1_2011__Kutt 1 24,145.64,-19.8169
FE1_2011__Kutt 1 24,145.64,-19.8169
FE1_2011__Kutt 1 24,145.64,-19.8169
FE1_2011__Kutt 1 24,145.64,-19.8169
FE1_2011__Kutt 1 24,145.64,-19.8169
FE1_2011__Kutt 1 24,145.64,-19.8169
FE1_2011__Kutt 1 24,145.64,-19.8169
FE1_2011__Kutt 1 24,145.64,-19.8169
FE1_2011__Kutt 1 25,145.651,-19.8291
FE1_2011__Kutt 1 25,145.651,-19.8291
FE1_2011__Kutt 1 25,145.651,-19.8291
FE1_2011__Kutt 1 25,145.651,-19.8291
FE1_2011__Kutt 1 25,145.651,-19.8291
FE1_2011__Kutt 1 25,145.651,-19.8291
FE1_2011__Kutt 1 25,145.651,-19.8291
FE1_2011__Kutt 1 25,145.651,-19.8291
FE1_2011__Kutt 1 25,145.651,-19.8291
FE1_2011__Kutt 1 25,145.651,-19.8291
FE1_2011__Kutt 1 25,145.651,-19.8291
FE1_2011__Kutt 1 25,145.651,-19.8291
FE1_2011__Kutt 1 25,145.651,-19.8291
FE1_2011__Kutt 1 25,145.651,-19.8291
FE1_2011__Kutt 1 25,145.651,-19.8291
FE1_2011__Kutt 1 25,145.651,-19.8291
FE1_2011__Kutt 1 25,145.651,-19.8291
FE1_2011__Kutt 1 25,145.651,-19.8291
FE1_2011__Kutt 1 26,145.643,-19.838
FE1_2011__Kutt 1 26,145.643,-19.838
FE1_2011__Kutt 1 26,145.643,-19.838
FE1_2011__Kutt 1 26,145.643,-19.838
FE1_2011__Kutt 1 26,145.643,-19.838
FE1_2011__Kutt 1 26,145.643,-19.838
FE1_2011__Kutt 1 26,145.643,-19.838
FE1_2011__Kutt 1 26,145.643,-19.838
FE1_2011__Kutt 1 26,145.643,-19.838
FE1_2011__Kutt 1 26,145.643,-19.838
FE1_2011__Kutt 1 26,145.643,-19.838
FE1_2011__Kutt 1 26,145.643,-19.838
FE1_2011__Kutt 1 26,145.643,-19.838
FE1_2011__Kutt 1 26,145.643,-19.838
FE1_2011__Kutt 1 26,145.643,-19.838
FE1_2011__Kutt 1 26,145.643,-19.838
FE1_2011__Kutt 1 26,145.643,-19.838
FE1_2011__Kutt 1 26,145.643,-19.838
FE1_2011__Kutt 1 27,145.636,-19.8382
FE1_2011__Kutt 1 27,145.636,-19.8382
FE1_2011__Kutt 1 27,145.636,-19.8382
FE1_2011__Kutt 1 27,145.636,-19.8382
FE1_2011__Kutt 1 27,145.636,-19.8382
FE1_2011__Kutt 1 27,145.636,-19.8382
FE1_2011__Kutt 1 27,145.636,-19.8382
FE1_2011__Kutt 1 27,145.636,-19.8382
FE1_2011__Kutt 1 27,145.636,-19.8382
FE1_2011__Kutt 1 27,145.636,-19.8382
FE1_2011__Kutt 1 27,145.636,-19.8382
FE1_2011__Kutt 1 27,145.636,-19.8382
FE1_2011__Kutt 1 27,145.636,-19.8382
FE1_2011__Kutt 1 27,145.636,-19.8382
FE1_2011__Kutt 1 27,145.636,-19.8382
FE1_2011__Kutt 1 27,145.636,-19.8382
FE1_2011__Kutt 1 27,145.636,-19.8382
FE1_2011__Kutt 1 27,145.636,-19.8382
FE1_2011__Kutt 1 28,145.624,-19.8394
FE1_2011__Kutt 1 28,145.624,-19.8394
FE1_2011__Kutt 1 28,145.624,-19.8394
FE1_2011__Kutt 1 28,145.624,-19.8394
FE1_2011__Kutt 1 28,145.624,-19.8394
FE1_2011__Kutt 1 28,145.624,-19.8394
FE1_2011__Kutt 1 28,145.624,-19.8394
FE1_2011__Kutt 1 28,145.624,-19.8394
FE1_2011__Kutt 1 28,145.624,-19.8394
FE1_2011__Kutt 1 28,145.624,-19.8394
FE1_2011__Kutt 1 28,145.624,-19.8394
FE1_2011__Kutt 1 28,145.624,-19.8394
FE1_2011__Kutt 1 28,145.624,-19.8394
FE1_2011__Kutt 1 28,145.624,-19.8394
FE1_2011__Kutt 1 28,145.624,-19.8394
FE1_2011__Kutt 1 28,145.624,-19.8394
FE1_2011__Kutt 1 28,145.624,-19.8394
FE1_2011__Kutt 1 28,145.624,-19.8394
FE1_2011__Kutt 1 29,145.592,-19.8571
FE1_2011__Kutt 1 29,145.592,-19.8571
FE1_2011__Kutt 1 29,145.592,-19.8571
FE1_2011__Kutt 1 29,145.592,-19.8571
FE1_2011__Kutt 1 29,145.592,-19.8571
FE1_2011__Kutt 1 29,145.592,-19.8571
FE1_2011__Kutt 1 29,145.592,-19.8571
FE1_2011__Kutt 1 29,145.592,-19.8571
FE1_2011__Kutt 1 29,145.592,-19.8571
FE1_2011__Kutt 1 29,145.592,-19.8571
FE1_2011__Kutt 1 29,145.592,-19.8571
FE1_2011__Kutt 1 29,145.592,-19.8571
FE1_2011__Kutt 1 29,145.592,-19.8571
FE1_2011__Kutt 1 29,145.592,-19.8571
FE1_2011__Kutt 1 29,145.592,-19.8571
FE1_2011__Kutt 1 29,145.592,-19.8571
FE1_2011__Kutt 1 29,145.592,-19.8571
FE1_2011__Kutt 1 29,145.592,-19.8571
FE1_2011__Kutt 1 30,145.594,-19.8413
FE1_2011__Kutt 1 30,145.594,-19.8413
FE1_2011__Kutt 1 30,145.594,-19.8413
FE1_2011__Kutt 1 30,145.594,-19.8413
FE1_2011__Kutt 1 30,145.594,-19.8413
FE1_2011__Kutt 1 30,145.594,-19.8413
FE1_2011__Kutt 1 30,145.594,-19.8413
FE1_2011__Kutt 1 30,145.594,-19.8413
FE1_2011__Kutt 1 30,145.594,-19.8413
FE1_2011__Kutt 1 30,145.594,-19.8413
FE1_2011__Kutt 1 30,145.594,-19.8413
FE1_2011__Kutt 1 30,145.594,-19.8413
FE1_2011__Kutt 1 30,145.594,-19.8413
FE1_2011__Kutt 1 30,145.594,-19.8413
FE1_2011__Kutt 1 30,145.594,-19.8413
FE1_2011__Kutt 1 30,145.594,-19.8413
FE1_2011__Kutt 1 30,145.594,-19.8413
FE1_2011__Kutt 1 30,145.594,-19.8413
FE1_2011__Kutt 1 31,145.596,-19.8219
FE1_2011__Kutt 1 31,145.596,-19.8219
FE1_2011__Kutt 1 31,145.596,-19.8219
FE1_2011__Kutt 1 31,145.596,-19.8219
FE1_2011__Kutt 1 31,145.596,-19.8219
FE1_2011__Kutt 1 31,145.596,-19.8219
FE1_2011__Kutt 1 31,145.596,-19.8219
FE1_2011__Kutt 1 31,145.596,-19.8219
FE1_2011__Kutt 1 31,145.596,-19.8219
FE1_2011__Kutt 1 31,145.596,-19.8219
FE1_2011__Kutt 1 31,145.596,-19.8219
FE1_2011__Kutt 1 31,145.596,-19.8219
FE1_2011__Kutt 1 31,145.596,-19.8219
FE1_2011__Kutt 1 31,145.596,-19.8219
FE1_2011__Kutt 1 31,145.596,-19.8219
FE1_2011__Kutt 1 31,145.596,-19.8219
FE1_2011__Kutt 1 31,145.596,-19.8219
FE1_2011__Kutt 1 31,145.596,-19.8219
FE1_2011__Kutt 1 32,145.58,-19.8133
FE1_2011__Kutt 1 32,145.58,-19.8133
FE1_2011__Kutt 1 32,145.58,-19.8133
FE1_2011__Kutt 1 32,145.58,-19.8133
FE1_2011__Kutt 1 32,145.58,-19.8133
FE1_2011__Kutt 1 32,145.58,-19.8133
FE1_2011__Kutt 1 32,145.58,-19.8133
FE1_2011__Kutt 1 32,145.58,-19.8133
FE1_2011__Kutt 1 32,145.58,-19.8133
FE1_2011__Kutt 1 32,145.58,-19.8133
FE1_2011__Kutt 1 32,145.58,-19.8133
FE1_2011__Kutt 1 32,145.58,-19.8133
FE1_2011__Kutt 1 32,145.58,-19.8133
FE1_2011__Kutt 1 32,145.58,-19.8133
FE1_2011__Kutt 1 32,145.58,-19.8133
FE1_2011__Kutt 1 32,145.58,-19.8133
FE1_2011__Kutt 1 32,145.58,-19.8133
FE1_2011__Kutt 1 32,145.58,-19.8133
FE1_2011__Kutt 1 33,145.583,-19.8052
FE1_2011__Kutt 1 33,145.583,-19.8052
FE1_2011__Kutt 1 33,145.583,-19.8052
FE1_2011__Kutt 1 33,145.583,-19.8052
FE1_2011__Kutt 1 33,145.583,-19.8052
FE1_2011__Kutt 1 33,145.583,-19.8052
FE1_2011__Kutt 1 33,145.583,-19.8052
FE1_2011__Kutt 1 33,145.583,-19.8052
FE1_2011__Kutt 1 33,145.583,-19.8052
FE1_2011__Kutt 1 33,145.583,-19.8052
FE1_2011__Kutt 1 33,145.583,-19.8052
FE1_2011__Kutt 1 33,145.583,-19.8052
FE1_2011__Kutt 1 33,145.583,-19.8052
FE1_2011__Kutt 1 33,145.583,-19.8052
FE1_2011__Kutt 1 33,145.583,-19.8052
FE1_2011__Kutt 1 33,145.583,-19.8052
FE1_2011__Kutt 1 33,145.583,-19.8052
FE1_2011__Kutt 1 33,145.583,-19.8052
FE1_2011__Kutt 1 34,145.592,-19.8043
FE1_2011__Kutt 1 34,145.592,-19.8043
FE1_2011__Kutt 1 34,145.592,-19.8043
FE1_2011__Kutt 1 34,145.592,-19.8043
FE1_2011__Kutt 1 34,145.592,-19.8043
FE1_2011__Kutt 1 34,145.592,-19.8043
FE1_2011__Kutt 1 34,145.592,-19.8043
FE1_2011__Kutt 1 34,145.592,-19.8043
FE1_2011__Kutt 1 34,145.592,-19.8043
FE1_2011__Kutt 1 34,145.592,-19.8043
FE1_2011__Kutt 1 34,145.592,-19.8043
FE1_2011__Kutt 1 34,145.592,-19.8043
FE1_2011__Kutt 1 34,145.592,-19.8043
FE1_2011__Kutt 1 34,145.592,-19.8043
FE1_2011__Kutt 1 34,145.592,-19.8043
FE1_2011__Kutt 1 34,145.592,-19.8043
FE1_2011__Kutt 1 34,145.592,-19.8043
FE1_2011__Kutt 1 34,145.592,-19.8043
FE1_2011__Kutt 1 35,145.595,-19.7915
FE1_2011__Kutt 1 35,145.595,-19.7915
FE1_2011__Kutt 1 35,145.595,-19.7915
FE1_2011__Kutt 1 35,145.595,-19.7915
FE1_2011__Kutt 1 35,145.595,-19.7915
FE1_2011__Kutt 1 35,145.595,-19.7915
FE1_2011__Kutt 1 35,145.595,-19.7915
FE1_2011__Kutt 1 35,145.595,-19.7915
FE1_2011__Kutt 1 35,145.595,-19.7915
FE1_2011__Kutt 1 35,145.595,-19.7915
FE1_2011__Kutt 1 35,145.595,-19.7915
FE1_2011__Kutt 1 35,145.595,-19.7915
FE1_2011__Kutt 1 35,145.595,-19.7915
FE1_2011__Kutt 1 35,145.595,-19.7915
FE1_2011__Kutt 1 35,145.595,-19.7915
FE1_2011__Kutt 1 35,145.595,-19.7915
FE1_2011__Kutt 1 35,145.595,-19.7915
FE1_2011__Kutt 1 35,145.595,-19.7915
FE1_2011__Kutt 1 36,145.589,-19.7893
FE1_2011__Kutt 1 36,145.589,-19.7893
FE1_2011__Kutt 1 36,145.589,-19.7893
FE1_2011__Kutt 1 36,145.589,-19.7893
FE1_2011__Kutt 1 36,145.589,-19.7893
FE1_2011__Kutt 1 36,145.589,-19.7893
FE1_2011__Kutt 1 36,145.589,-19.7893
FE1_2011__Kutt 1 36,145.589,-19.7893
FE1_2011__Kutt 1 36,145.589,-19.7893
FE1_2011__Kutt 1 36,145.589,-19.7893
FE1_2011__Kutt 1 36,145.589,-19.7893
FE1_2011__Kutt 1 36,145.589,-19.7893
FE1_2011__Kutt 1 36,145.589,-19.7893
FE1_2011__Kutt 1 36,145.589,-19.7893
FE1_2011__Kutt 1 36,145.589,-19.7893
FE1_2011__Kutt 1 36,145.589,-19.7893
FE1_2011__Kutt 1 36,145.589,-19.7893
FE1_2011__Kutt 1 36,145.589,-19.7893
FE1_2011__Kutt 1 37,145.602,-19.8042
FE1_2011__Kutt 1 37,145.602,-19.8042
FE1_2011__Kutt 1 37,145.602,-19.8042
FE1_2011__Kutt 1 37,145.602,-19.8042
FE1_2011__Kutt 1 37,145.602,-19.8042
FE1_2011__Kutt 1 37,145.602,-19.8042
FE1_2011__Kutt 1 37,145.602,-19.8042
FE1_2011__Kutt 1 37,145.602,-19.8042
FE1_2011__Kutt 1 37,145.602,-19.8042
FE1_2011__Kutt 1 37,145.602,-19.8042
FE1_2011__Kutt 1 37,145.602,-19.8042
FE1_2011__Kutt 1 37,145.602,-19.8042
FE1_2011__Kutt 1 37,145.602,-19.8042
FE1_2011__Kutt 1 37,145.602,-19.8042
FE1_2011__Kutt 1 37,145.602,-19.8042
FE1_2011__Kutt 1 37,145.602,-19.8042
FE1_2011__Kutt 1 37,145.602,-19.8042
FE1_2011__Kutt 1 37,145.602,-19.8042
FE1_2011__Kutt 1 38,145.608,-19.7858
FE1_2011__Kutt 1 38,145.608,-19.7858
FE1_2011__Kutt 1 38,145.608,-19.7858
FE1_2011__Kutt 1 38,145.608,-19.7858
FE1_2011__Kutt 1 38,145.608,-19.7858
FE1_2011__Kutt 1 38,145.608,-19.7858
FE1_2011__Kutt 1 38,145.608,-19.7858
FE1_2011__Kutt 1 38,145.608,-19.7858
FE1_2011__Kutt 1 38,145.608,-19.7858
FE1_2011__Kutt 1 38,145.608,-19.7858
FE1_2011__Kutt 1 38,145.608,-19.7858
FE1_2011__Kutt 1 38,145.608,-19.7858
FE1_2011__Kutt 1 38,145.608,-19.7858
FE1_2011__Kutt 1 38,145.608,-19.7858
FE1_2011__Kutt 1 38,145.608,-19.7858
FE1_2011__Kutt 1 38,145.608,-19.7858
FE1_2011__Kutt 1 38,145.608,-19.7858
FE1_2011__Kutt 1 38,145.608,-19.7858
FE1_2015__Marinaro 1 1,-61.72247,-25.11994
FE1_2015__Marinaro 1 1,-61.72247,-25.11994
FE1_2015__Marinaro 1 1,-61.72247,-25.11994
FE1_2015__Marinaro 1 1,-61.72247,-25.11994
FE1_2015__Marinaro 1 1,-61.72247,-25.11994
FE1_2015__Marinaro 1 2,-61.7272,-25.13422
FE1_2015__Marinaro 1 2,-61.7272,-25.13422
FE1_2015__Marinaro 1 2,-61.7272,-25.13422
FE1_2015__Marinaro 1 2,-61.7272,-25.13422
FE1_2015__Marinaro 1 2,-61.7272,-25.13422
FE1_2015__Marinaro 1 3,-61.72202,-25.14168
FE1_2015__Marinaro 1 3,-61.72202,-25.14168
FE1_2015__Marinaro 1 3,-61.72202,-25.14168
FE1_2015__Marinaro 1 3,-61.72202,-25.14168
FE1_2015__Marinaro 1 3,-61.72202,-25.14168
FE1_2015__Marinaro 1 4,-63.03472,-25.46499
FE1_2015__Marinaro 1 4,-63.03472,-25.46499
FE1_2015__Marinaro 1 4,-63.03472,-25.46499
FE1_2015__Marinaro 1 4,-63.03472,-25.46499
FE1_2015__Marinaro 1 4,-63.03472,-25.46499
FE1_2015__Marinaro 1 5,-63.02478,-25.45348
FE1_2015__Marinaro 1 5,-63.02478,-25.45348
FE1_2015__Marinaro 1 5,-63.02478,-25.45348
FE1_2015__Marinaro 1 5,-63.02478,-25.45348
FE1_2015__Marinaro 1 5,-63.02478,-25.45348
FE1_2015__Marinaro 1 6,-63.10215,-25.53327
FE1_2015__Marinaro 1 6,-63.10215,-25.53327
FE1_2015__Marinaro 1 6,-63.10215,-25.53327
FE1_2015__Marinaro 1 6,-63.10215,-25.53327
FE1_2015__Marinaro 1 6,-63.10215,-25.53327
FE1_2015__Marinaro 1 7,-63.96517,-25.19459
FE1_2015__Marinaro 1 7,-63.96517,-25.19459
FE1_2015__Marinaro 1 7,-63.96517,-25.19459
FE1_2015__Marinaro 1 7,-63.96517,-25.19459
FE1_2015__Marinaro 1 7,-63.96517,-25.19459
FE1_2015__Marinaro 1 8,-63.94532,-25.1959
FE1_2015__Marinaro 1 8,-63.94532,-25.1959
FE1_2015__Marinaro 1 8,-63.94532,-25.1959
FE1_2015__Marinaro 1 8,-63.94532,-25.1959
FE1_2015__Marinaro 1 8,-63.94532,-25.1959
FE1_2015__Marinaro 1 9,-63.89815,-25.19949
FE1_2015__Marinaro 1 9,-63.89815,-25.19949
FE1_2015__Marinaro 1 9,-63.89815,-25.19949
FE1_2015__Marinaro 1 9,-63.89815,-25.19949
FE1_2015__Marinaro 1 9,-63.89815,-25.19949
FE1_2015__Marinaro 1 10,-63.69863,-24.55657
FE1_2015__Marinaro 1 10,-63.69863,-24.55657
FE1_2015__Marinaro 1 10,-63.69863,-24.55657
FE1_2015__Marinaro 1 10,-63.69863,-24.55657
FE1_2015__Marinaro 1 10,-63.69863,-24.55657
FE1_2015__Marinaro 1 11,-63.71515,-24.55621
FE1_2015__Marinaro 1 11,-63.71515,-24.55621
FE1_2015__Marinaro 1 11,-63.71515,-24.55621
FE1_2015__Marinaro 1 11,-63.71515,-24.55621
FE1_2015__Marinaro 1 11,-63.71515,-24.55621
FE1_2015__Marinaro 1 12,-60.43767,-24.48219
FE1_2015__Marinaro 1 12,-60.43767,-24.48219
FE1_2015__Marinaro 1 12,-60.43767,-24.48219
FE1_2015__Marinaro 1 12,-60.43767,-24.48219
FE1_2015__Marinaro 1 12,-60.43767,-24.48219
FE1_2015__Marinaro 1 13,-63.69133,-23.77891
FE1_2015__Marinaro 1 13,-63.69133,-23.77891
FE1_2015__Marinaro 1 13,-63.69133,-23.77891
FE1_2015__Marinaro 1 13,-63.69133,-23.77891
FE1_2015__Marinaro 1 13,-63.69133,-23.77891
FE1_2015__Marinaro 1 14,-63.55416,-25.52917
FE1_2015__Marinaro 1 14,-63.55416,-25.52917
FE1_2015__Marinaro 1 14,-63.55416,-25.52917
FE1_2015__Marinaro 1 14,-63.55416,-25.52917
FE1_2015__Marinaro 1 14,-63.55416,-25.52917
FE1_2015__Marinaro 1 15,-61.97976,-25.64346
FE1_2015__Marinaro 1 15,-61.97976,-25.64346
FE1_2015__Marinaro 1 15,-61.97976,-25.64346
FE1_2015__Marinaro 1 15,-61.97976,-25.64346
FE1_2015__Marinaro 1 15,-61.97976,-25.64346
FE1_2015__Marinaro 1 16,-63.11361,-25.53752
FE1_2015__Marinaro 1 16,-63.11361,-25.53752
FE1_2015__Marinaro 1 16,-63.11361,-25.53752
FE1_2015__Marinaro 1 16,-63.11361,-25.53752
FE1_2015__Marinaro 1 16,-63.11361,-25.53752
FE1_2015__Marinaro 1 17,-64.06996,-25.17002
FE1_2015__Marinaro 1 17,-64.06996,-25.17002
FE1_2015__Marinaro 1 17,-64.06996,-25.17002
FE1_2015__Marinaro 1 17,-64.06996,-25.17002
FE1_2015__Marinaro 1 17,-64.06996,-25.17002
FE1_2015__Marinaro 1 18,-64.08117,-25.20106
FE1_2015__Marinaro 1 18,-64.08117,-25.20106
FE1_2015__Marinaro 1 18,-64.08117,-25.20106
FE1_2015__Marinaro 1 18,-64.08117,-25.20106
FE1_2015__Marinaro 1 18,-64.08117,-25.20106
FE1_2015__Marinaro 1 19,-64.08768,-25.18463
FE1_2015__Marinaro 1 19,-64.08768,-25.18463
FE1_2015__Marinaro 1 19,-64.08768,-25.18463
FE1_2015__Marinaro 1 19,-64.08768,-25.18463
FE1_2015__Marinaro 1 19,-64.08768,-25.18463
FE1_2015__Marinaro 1 20,-63.59158,-24.52795
FE1_2015__Marinaro 1 20,-63.59158,-24.52795
FE1_2015__Marinaro 1 20,-63.59158,-24.52795
FE1_2015__Marinaro 1 20,-63.59158,-24.52795
FE1_2015__Marinaro 1 20,-63.59158,-24.52795
FE1_2015__Marinaro 1 21,-63.55178,-24.51025
FE1_2015__Marinaro 1 21,-63.55178,-24.51025
FE1_2015__Marinaro 1 21,-63.55178,-24.51025
FE1_2015__Marinaro 1 21,-63.55178,-24.51025
FE1_2015__Marinaro 1 21,-63.55178,-24.51025
FE1_2015__Marinaro 1 22,-60.99138,-24.60979
FE1_2015__Marinaro 1 22,-60.99138,-24.60979
FE1_2015__Marinaro 1 22,-60.99138,-24.60979
FE1_2015__Marinaro 1 22,-60.99138,-24.60979
FE1_2015__Marinaro 1 22,-60.99138,-24.60979
FE1_2015__Marinaro 1 23,-60.54601,-24.71443
FE1_2015__Marinaro 1 23,-60.54601,-24.71443
FE1_2015__Marinaro 1 23,-60.54601,-24.71443
FE1_2015__Marinaro 1 23,-60.54601,-24.71443
FE1_2015__Marinaro 1 23,-60.54601,-24.71443
FE1_2015__Marinaro 1 24,-61.8625,-25.5625
FE1_2015__Marinaro 1 24,-61.8625,-25.5625
FE1_2015__Marinaro 1 24,-61.8625,-25.5625
FE1_2015__Marinaro 1 24,-61.8625,-25.5625
FE1_2015__Marinaro 1 24,-61.8625,-25.5625
FE1_2015__Marinaro 1 25,-61.95938,-25.96681
FE1_2015__Marinaro 1 25,-61.95938,-25.96681
FE1_2015__Marinaro 1 25,-61.95938,-25.96681
FE1_2015__Marinaro 1 25,-61.95938,-25.96681
FE1_2015__Marinaro 1 25,-61.95938,-25.96681
FE1_2015__Marinaro 1 26,-61.96921,-25.96143
FE1_2015__Marinaro 1 26,-61.96921,-25.96143
FE1_2015__Marinaro 1 26,-61.96921,-25.96143
FE1_2015__Marinaro 1 26,-61.96921,-25.96143
FE1_2015__Marinaro 1 26,-61.96921,-25.96143
HZ1_2009__Jorgensen 1 1,36.48333333,-7.75
HZ1_2009__Jorgensen 1 1,36.48333333,-7.75
HZ1_2009__Jorgensen 1 1,36.48333333,-7.75
HZ1_2009__Jorgensen 1 2,35.96666667,-8.366666667
HZ1_2009__Jorgensen 1 2,35.96666667,-8.366666667
HZ1_2009__Jorgensen 1 2,35.96666667,-8.366666667
HZ1_2009__Jorgensen 1 3,35.91666667,-8.066666667
HZ1_2009__Jorgensen 1 3,35.91666667,-8.066666667
HZ1_2009__Jorgensen 1 3,35.91666667,-8.066666667
HZ1_2009__Jorgensen 2 1,36.48333333,-7.75
HZ1_2009__Jorgensen 2 1,36.48333333,-7.75
HZ1_2009__Jorgensen 2 1,36.48333333,-7.75
HZ1_2009__Jorgensen 2 1,36.48333333,-7.75
HZ1_2009__Jorgensen 2 1,36.48333333,-7.75
HZ1_2009__Jorgensen 2 1,36.48333333,-7.75
HZ1_2009__Jorgensen 2 2,35.96666667,-8.366666667
HZ1_2009__Jorgensen 2 2,35.96666667,-8.366666667
HZ1_2009__Jorgensen 2 2,35.96666667,-8.366666667
HZ1_2009__Jorgensen 2 2,35.96666667,-8.366666667
HZ1_2009__Jorgensen 2 2,35.96666667,-8.366666667
HZ1_2009__Jorgensen 2 2,35.96666667,-8.366666667
HZ1_2009__Jorgensen 2 3,35.91666667,-8.066666667
HZ1_2009__Jorgensen 2 3,35.91666667,-8.066666667
HZ1_2009__Jorgensen 2 3,35.91666667,-8.066666667
HZ1_2009__Jorgensen 2 3,35.91666667,-8.066666667
HZ1_2009__Jorgensen 2 3,35.91666667,-8.066666667
HZ1_2009__Jorgensen 2 3,35.91666667,-8.066666667
MJ1_2012__Massawe 1 1,37.14272222,-6.185641667
MJ1_2012__Massawe 1 1,37.14272222,-6.185641667
MJ1_2012__Massawe 1 1,37.14272222,-6.185641667
MJ1_2012__Massawe 1 1,37.14272222,-6.185641667
MJ1_2012__Massawe 1 1,37.14272222,-6.185641667
MJ1_2012__Massawe 1 1,37.14272222,-6.185641667
MJ1_2012__Massawe 1 1,37.14272222,-6.185641667
MJ1_2012__Massawe 1 1,37.14272222,-6.185641667
MJ1_2012__Massawe 1 2,37.14272222,-6.185641667
MJ1_2012__Massawe 1 2,37.14272222,-6.185641667
MJ1_2012__Massawe 1 2,37.14272222,-6.185641667
MJ1_2012__Massawe 1 2,37.14272222,-6.185641667
MJ1_2012__Massawe 1 2,37.14272222,-6.185641667
MJ1_2012__Massawe 1 2,37.14272222,-6.185641667
MJ1_2012__Massawe 1 2,37.14272222,-6.185641667
MJ1_2012__Massawe 1 2,37.14272222,-6.185641667
MJ1_2012__Massawe 1 3,37.14272222,-6.185641667
MJ1_2012__Massawe 1 3,37.14272222,-6.185641667
MJ1_2012__Massawe 1 3,37.14272222,-6.185641667
MJ1_2012__Massawe 1 3,37.14272222,-6.185641667
MJ1_2012__Massawe 1 3,37.14272222,-6.185641667
MJ1_2012__Massawe 1 3,37.14272222,-6.185641667
MJ1_2012__Massawe 1 3,37.14272222,-6.185641667
MJ1_2012__Massawe 1 3,37.14272222,-6.185641667
MJ1_2012__Massawe 1 4,37.14272222,-6.185641667
MJ1_2012__Massawe 1 4,37.14272222,-6.185641667
MJ1_2012__Massawe 1 4,37.14272222,-6.185641667
MJ1_2012__Massawe 1 4,37.14272222,-6.185641667
MJ1_2012__Massawe 1 4,37.14272222,-6.185641667
MJ1_2012__Massawe 1 4,37.14272222,-6.185641667
MJ1_2012__Massawe 1 4,37.14272222,-6.185641667
MJ1_2012__Massawe 1 4,37.14272222,-6.185641667
MJ1_2012__Massawe 1 5,37.14272222,-6.185641667
MJ1_2012__Massawe 1 5,37.14272222,-6.185641667
MJ1_2012__Massawe 1 5,37.14272222,-6.185641667
MJ1_2012__Massawe 1 5,37.14272222,-6.185641667
MJ1_2012__Massawe 1 5,37.14272222,-6.185641667
MJ1_2012__Massawe 1 5,37.14272222,-6.185641667
MJ1_2012__Massawe 1 5,37.14272222,-6.185641667
MJ1_2012__Massawe 1 5,37.14272222,-6.185641667
MJ1_2012__Massawe 1 6,37.13961944,-6.189986111
MJ1_2012__Massawe 1 6,37.13961944,-6.189986111
MJ1_2012__Massawe 1 6,37.13961944,-6.189986111
MJ1_2012__Massawe 1 6,37.13961944,-6.189986111
MJ1_2012__Massawe 1 6,37.13961944,-6.189986111
MJ1_2012__Massawe 1 6,37.13961944,-6.189986111
MJ1_2012__Massawe 1 6,37.13961944,-6.189986111
MJ1_2012__Massawe 1 6,37.13961944,-6.189986111
MJ1_2012__Massawe 1 7,37.13961944,-6.189986111
MJ1_2012__Massawe 1 7,37.13961944,-6.189986111
MJ1_2012__Massawe 1 7,37.13961944,-6.189986111
MJ1_2012__Massawe 1 7,37.13961944,-6.189986111
MJ1_2012__Massawe 1 7,37.13961944,-6.189986111
MJ1_2012__Massawe 1 7,37.13961944,-6.189986111
MJ1_2012__Massawe 1 7,37.13961944,-6.189986111
MJ1_2012__Massawe 1 7,37.13961944,-6.189986111
MJ1_2012__Massawe 1 8,37.13961944,-6.189986111
MJ1_2012__Massawe 1 8,37.13961944,-6.189986111
MJ1_2012__Massawe 1 8,37.13961944,-6.189986111
MJ1_2012__Massawe 1 8,37.13961944,-6.189986111
MJ1_2012__Massawe 1 8,37.13961944,-6.189986111
MJ1_2012__Massawe 1 8,37.13961944,-6.189986111
MJ1_2012__Massawe 1 8,37.13961944,-6.189986111
MJ1_2012__Massawe 1 8,37.13961944,-6.189986111
MJ1_2012__Massawe 1 9,37.13961944,-6.189986111
MJ1_2012__Massawe 1 9,37.13961944,-6.189986111
MJ1_2012__Massawe 1 9,37.13961944,-6.189986111
MJ1_2012__Massawe 1 9,37.13961944,-6.189986111
MJ1_2012__Massawe 1 9,37.13961944,-6.189986111
MJ1_2012__Massawe 1 9,37.13961944,-6.189986111
MJ1_2012__Massawe 1 9,37.13961944,-6.189986111
MJ1_2012__Massawe 1 9,37.13961944,-6.189986111
MJ1_2012__Massawe 1 10,37.13961944,-6.189986111
MJ1_2012__Massawe 1 10,37.13961944,-6.189986111
MJ1_2012__Massawe 1 10,37.13961944,-6.189986111
MJ1_2012__Massawe 1 10,37.13961944,-6.189986111
MJ1_2012__Massawe 1 10,37.13961944,-6.189986111
MJ1_2012__Massawe 1 10,37.13961944,-6.189986111
MJ1_2012__Massawe 1 10,37.13961944,-6.189986111
MJ1_2012__Massawe 1 10,37.13961944,-6.189986111
SE2_2014__Boesing 1 1,18.60192418,-31.34416052
SE2_2014__Boesing 1 1,18.60192418,-31.34416052
SE2_2014__Boesing 1 1,18.60192418,-31.34416052
SE2_2014__Boesing 1 1,18.60192418,-31.34416052
SE2_2014__Boesing 1 1,18.60192418,-31.34416052
SE2_2014__Boesing 1 1,18.60192418,-31.34416052
SE2_2014__Boesing 1 1,18.60192418,-31.34416052
SE2_2014__Boesing 1 1,18.60192418,-31.34416052
SE2_2014__Boesing 1 1,18.60192418,-31.34416052
SE2_2014__Boesing 1 1,18.60192418,-31.34416052
SE2_2014__Boesing 1 2,18.47229302,-31.34018012
SE2_2014__Boesing 1 2,18.47229302,-31.34018012
SE2_2014__Boesing 1 2,18.47229302,-31.34018012
SE2_2014__Boesing 1 2,18.47229302,-31.34018012
SE2_2014__Boesing 1 2,18.47229302,-31.34018012
SE2_2014__Boesing 1 2,18.47229302,-31.34018012
SE2_2014__Boesing 1 2,18.47229302,-31.34018012
SE2_2014__Boesing 1 2,18.47229302,-31.34018012
SE2_2014__Boesing 1 2,18.47229302,-31.34018012
SE2_2014__Boesing 1 2,18.47229302,-31.34018012
SE2_2014__Boesing 1 3,18.64809036,-31.41272851
SE2_2014__Boesing 1 3,18.64809036,-31.41272851
SE2_2014__Boesing 1 3,18.64809036,-31.41272851
SE2_2014__Boesing 1 3,18.64809036,-31.41272851
SE2_2014__Boesing 1 3,18.64809036,-31.41272851
SE2_2014__Boesing 1 3,18.64809036,-31.41272851
SE2_2014__Boesing 1 3,18.64809036,-31.41272851
SE2_2014__Boesing 1 3,18.64809036,-31.41272851
SE2_2014__Boesing 1 3,18.64809036,-31.41272851
SE2_2014__Boesing 1 3,18.64809036,-31.41272851
SE2_2014__Boesing 1 4,18.59163523,-31.41146787
SE2_2014__Boesing 1 4,18.59163523,-31.41146787
SE2_2014__Boesing 1 4,18.59163523,-31.41146787
SE2_2014__Boesing 1 4,18.59163523,-31.41146787
SE2_2014__Boesing 1 4,18.59163523,-31.41146787
SE2_2014__Boesing 1 4,18.59163523,-31.41146787
SE2_2014__Boesing 1 4,18.59163523,-31.41146787
SE2_2014__Boesing 1 4,18.59163523,-31.41146787
SE2_2014__Boesing 1 4,18.59163523,-31.41146787
SE2_2014__Boesing 1 4,18.59163523,-31.41146787
SE2_2014__Boesing 1 5,18.63610089,-31.40558847
SE2_2014__Boesing 1 5,18.63610089,-31.40558847
SE2_2014__Boesing 1 5,18.63610089,-31.40558847
SE2_2014__Boesing 1 5,18.63610089,-31.40558847
SE2_2014__Boesing 1 5,18.63610089,-31.40558847
SE2_2014__Boesing 1 5,18.63610089,-31.40558847
SE2_2014__Boesing 1 5,18.63610089,-31.40558847
SE2_2014__Boesing 1 5,18.63610089,-31.40558847
SE2_2014__Boesing 1 5,18.63610089,-31.40558847
SE2_2014__Boesing 1 5,18.63610089,-31.40558847
SE2_2014__Boesing 1 6,18.6142087,-31.40733727
SE2_2014__Boesing 1 6,18.6142087,-31.40733727
SE2_2014__Boesing 1 6,18.6142087,-31.40733727
SE2_2014__Boesing 1 6,18.6142087,-31.40733727
SE2_2014__Boesing 1 6,18.6142087,-31.40733727
SE2_2014__Boesing 1 6,18.6142087,-31.40733727
SE2_2014__Boesing 1 6,18.6142087,-31.40733727
SE2_2014__Boesing 1 6,18.6142087,-31.40733727
SE2_2014__Boesing 1 6,18.6142087,-31.40733727
SE2_2014__Boesing 1 6,18.6142087,-31.40733727
SE2_2014__Boesing 1 7,18.59870553,-31.34580203
SE2_2014__Boesing 1 7,18.59870553,-31.34580203
SE2_2014__Boesing 1 7,18.59870553,-31.34580203
SE2_2014__Boesing 1 7,18.59870553,-31.34580203
SE2_2014__Boesing 1 7,18.59870553,-31.34580203
SE2_2014__Boesing 1 7,18.59870553,-31.34580203
SE2_2014__Boesing 1 7,18.59870553,-31.34580203
SE2_2014__Boesing 1 7,18.59870553,-31.34580203
SE2_2014__Boesing 1 7,18.59870553,-31.34580203
SE2_2014__Boesing 1 7,18.59870553,-31.34580203
SE2_2014__Boesing 1 8,18.46607029,-31.34732016
SE2_2014__Boesing 1 8,18.46607029,-31.34732016
SE2_2014__Boesing 1 8,18.46607029,-31.34732016
SE2_2014__Boesing 1 8,18.46607029,-31.34732016
SE2_2014__Boesing 1 8,18.46607029,-31.34732016
SE2_2014__Boesing 1 8,18.46607029,-31.34732016
SE2_2014__Boesing 1 8,18.46607029,-31.34732016
SE2_2014__Boesing 1 8,18.46607029,-31.34732016
SE2_2014__Boesing 1 8,18.46607029,-31.34732016
SE2_2014__Boesing 1 8,18.46607029,-31.34732016
SE2_2014__Boesing 1 9,18.56534958,-31.35385939
SE2_2014__Boesing 1 9,18.56534958,-31.35385939
SE2_2014__Boesing 1 9,18.56534958,-31.35385939
SE2_2014__Boesing 1 9,18.56534958,-31.35385939
SE2_2014__Boesing 1 9,18.56534958,-31.35385939
SE2_2014__Boesing 1 9,18.56534958,-31.35385939
SE2_2014__Boesing 1 9,18.56534958,-31.35385939
SE2_2014__Boesing 1 9,18.56534958,-31.35385939
SE2_2014__Boesing 1 9,18.56534958,-31.35385939
SE2_2014__Boesing 1 9,18.56534958,-31.35385939
SE2_2014__Boesing 1 10,18.46252441,-31.35686346
SE2_2014__Boesing 1 10,18.46252441,-31.35686346
SE2_2014__Boesing 1 10,18.46252441,-31.35686346
SE2_2014__Boesing 1 10,18.46252441,-31.35686346
SE2_2014__Boesing 1 10,18.46252441,-31.35686346
SE2_2014__Boesing 1 10,18.46252441,-31.35686346
SE2_2014__Boesing 1 10,18.46252441,-31.35686346
SE2_2014__Boesing 1 10,18.46252441,-31.35686346
SE2_2014__Boesing 1 10,18.46252441,-31.35686346
SE2_2014__Boesing 1 10,18.46252441,-31.35686346
SE2_2014__Boesing 1 11,18.59736443,-31.41722926
SE2_2014__Boesing 1 11,18.59736443,-31.41722926
SE2_2014__Boesing 1 11,18.59736443,-31.41722926
SE2_2014__Boesing 1 11,18.59736443,-31.41722926
SE2_2014__Boesing 1 11,18.59736443,-31.41722926
SE2_2014__Boesing 1 11,18.59736443,-31.41722926
SE2_2014__Boesing 1 11,18.59736443,-31.41722926
SE2_2014__Boesing 1 11,18.59736443,-31.41722926
SE2_2014__Boesing 1 11,18.59736443,-31.41722926
SE2_2014__Boesing 1 11,18.59736443,-31.41722926
SE2_2014__Boesing 1 12,18.62650931,-31.40757331
SE2_2014__Boesing 1 12,18.62650931,-31.40757331
SE2_2014__Boesing 1 12,18.62650931,-31.40757331
SE2_2014__Boesing 1 12,18.62650931,-31.40757331
SE2_2014__Boesing 1 12,18.62650931,-31.40757331
SE2_2014__Boesing 1 12,18.62650931,-31.40757331
SE2_2014__Boesing 1 12,18.62650931,-31.40757331
SE2_2014__Boesing 1 12,18.62650931,-31.40757331
SE2_2014__Boesing 1 12,18.62650931,-31.40757331
SE2_2014__Boesing 1 12,18.62650931,-31.40757331
SE2_2014__Boesing 1 13,18.65005374,-31.41169318
SE2_2014__Boesing 1 13,18.65005374,-31.41169318
SE2_2014__Boesing 1 13,18.65005374,-31.41169318
SE2_2014__Boesing 1 13,18.65005374,-31.41169318
SE2_2014__Boesing 1 13,18.65005374,-31.41169318
SE2_2014__Boesing 1 13,18.65005374,-31.41169318
SE2_2014__Boesing 1 13,18.65005374,-31.41169318
SE2_2014__Boesing 1 13,18.65005374,-31.41169318
SE2_2014__Boesing 1 13,18.65005374,-31.41169318
SE2_2014__Boesing 1 13,18.65005374,-31.41169318
SE2_2014__Boesing 1 14,18.65194201,-31.39440903
SE2_2014__Boesing 1 14,18.65194201,-31.39440903
SE2_2014__Boesing 1 14,18.65194201,-31.39440903
SE2_2014__Boesing 1 14,18.65194201,-31.39440903
SE2_2014__Boesing 1 14,18.65194201,-31.39440903
SE2_2014__Boesing 1 14,18.65194201,-31.39440903
SE2_2014__Boesing 1 14,18.65194201,-31.39440903
SE2_2014__Boesing 1 14,18.65194201,-31.39440903
SE2_2014__Boesing 1 14,18.65194201,-31.39440903
SE2_2014__Boesing 1 14,18.65194201,-31.39440903
SE2_2014__Boesing 1 15,18.46504569,-31.34995946
SE2_2014__Boesing 1 15,18.46504569,-31.34995946
SE2_2014__Boesing 1 15,18.46504569,-31.34995946
SE2_2014__Boesing 1 15,18.46504569,-31.34995946
SE2_2014__Boesing 1 15,18.46504569,-31.34995946
SE2_2014__Boesing 1 15,18.46504569,-31.34995946
SE2_2014__Boesing 1 15,18.46504569,-31.34995946
SE2_2014__Boesing 1 15,18.46504569,-31.34995946
SE2_2014__Boesing 1 15,18.46504569,-31.34995946
SE2_2014__Boesing 1 15,18.46504569,-31.34995946
SE2_2014__Boesing 1 16,18.57612669,-31.33781442
SE2_2014__Boesing 1 16,18.57612669,-31.33781442
SE2_2014__Boesing 1 16,18.57612669,-31.33781442
SE2_2014__Boesing 1 16,18.57612669,-31.33781442
SE2_2014__Boesing 1 16,18.57612669,-31.33781442
SE2_2014__Boesing 1 16,18.57612669,-31.33781442
SE2_2014__Boesing 1 16,18.57612669,-31.33781442
SE2_2014__Boesing 1 16,18.57612669,-31.33781442
SE2_2014__Boesing 1 16,18.57612669,-31.33781442
SE2_2014__Boesing 1 16,18.57612669,-31.33781442
SE2_2014__Boesing 1 17,18.5538429,-31.36205086
SE2_2014__Boesing 1 17,18.5538429,-31.36205086
SE2_2014__Boesing 1 17,18.5538429,-31.36205086
SE2_2014__Boesing 1 17,18.5538429,-31.36205086
SE2_2014__Boesing 1 17,18.5538429,-31.36205086
SE2_2014__Boesing 1 17,18.5538429,-31.36205086
SE2_2014__Boesing 1 17,18.5538429,-31.36205086
SE2_2014__Boesing 1 17,18.5538429,-31.36205086
SE2_2014__Boesing 1 17,18.5538429,-31.36205086
SE2_2014__Boesing 1 17,18.5538429,-31.36205086
SE2_2014__Boesing 1 18,18.56526375,-31.44914755
SE2_2014__Boesing 1 18,18.56526375,-31.44914755
SE2_2014__Boesing 1 18,18.56526375,-31.44914755
SE2_2014__Boesing 1 18,18.56526375,-31.44914755
SE2_2014__Boesing 1 18,18.56526375,-31.44914755
SE2_2014__Boesing 1 18,18.56526375,-31.44914755
SE2_2014__Boesing 1 18,18.56526375,-31.44914755
SE2_2014__Boesing 1 18,18.56526375,-31.44914755
SE2_2014__Boesing 1 18,18.56526375,-31.44914755
SE2_2014__Boesing 1 18,18.56526375,-31.44914755
SE2_2014__Boesing 1 19,18.58498335,-31.44452878
SE2_2014__Boesing 1 19,18.58498335,-31.44452878
SE2_2014__Boesing 1 19,18.58498335,-31.44452878
SE2_2014__Boesing 1 19,18.58498335,-31.44452878
SE2_2014__Boesing 1 19,18.58498335,-31.44452878
SE2_2014__Boesing 1 19,18.58498335,-31.44452878
SE2_2014__Boesing 1 19,18.58498335,-31.44452878
SE2_2014__Boesing 1 19,18.58498335,-31.44452878
SE2_2014__Boesing 1 19,18.58498335,-31.44452878
SE2_2014__Boesing 1 19,18.58498335,-31.44452878
SE2_2014__Boesing 1 20,18.64106297,-31.42431566
SE2_2014__Boesing 1 20,18.64106297,-31.42431566
SE2_2014__Boesing 1 20,18.64106297,-31.42431566
SE2_2014__Boesing 1 20,18.64106297,-31.42431566
SE2_2014__Boesing 1 20,18.64106297,-31.42431566
SE2_2014__Boesing 1 20,18.64106297,-31.42431566
SE2_2014__Boesing 1 20,18.64106297,-31.42431566
SE2_2014__Boesing 1 20,18.64106297,-31.42431566
SE2_2014__Boesing 1 20,18.64106297,-31.42431566
SE2_2014__Boesing 1 20,18.64106297,-31.42431566
SE2_2014__Boesing 1 21,18.64825666,-31.41485282
SE2_2014__Boesing 1 21,18.64825666,-31.41485282
SE2_2014__Boesing 1 21,18.64825666,-31.41485282
SE2_2014__Boesing 1 21,18.64825666,-31.41485282
SE2_2014__Boesing 1 21,18.64825666,-31.41485282
SE2_2014__Boesing 1 21,18.64825666,-31.41485282
SE2_2014__Boesing 1 21,18.64825666,-31.41485282
SE2_2014__Boesing 1 21,18.64825666,-31.41485282
SE2_2014__Boesing 1 21,18.64825666,-31.41485282
SE2_2014__Boesing 1 21,18.64825666,-31.41485282
SE2_2014__Boesing 1 22,18.45616758,-31.36906215
SE2_2014__Boesing 1 22,18.45616758,-31.36906215
SE2_2014__Boesing 1 22,18.45616758,-31.36906215
SE2_2014__Boesing 1 22,18.45616758,-31.36906215
SE2_2014__Boesing 1 22,18.45616758,-31.36906215
SE2_2014__Boesing 1 22,18.45616758,-31.36906215
SE2_2014__Boesing 1 22,18.45616758,-31.36906215
SE2_2014__Boesing 1 22,18.45616758,-31.36906215
SE2_2014__Boesing 1 22,18.45616758,-31.36906215
SE2_2014__Boesing 1 22,18.45616758,-31.36906215
XH1_2016__Mandal 1 1,92.4166,23.49749
XH1_2016__Mandal 1 1,92.4166,23.49749
XH1_2016__Mandal 1 1,92.4166,23.49749
XH1_2016__Mandal 1 1,92.4166,23.49749
XH1_2016__Mandal 1 1,92.4166,23.49749
XH1_2016__Mandal 1 1,92.4166,23.49749
XH1_2016__Mandal 1 1,92.4166,23.49749
XH1_2016__Mandal 1 2,92.41606,23.4973
XH1_2016__Mandal 1 2,92.41606,23.4973
XH1_2016__Mandal 1 2,92.41606,23.4973
XH1_2016__Mandal 1 2,92.41606,23.4973
XH1_2016__Mandal 1 2,92.41606,23.4973
XH1_2016__Mandal 1 2,92.41606,23.4973
XH1_2016__Mandal 1 2,92.41606,23.4973
XH1_2016__Mandal 1 3,92.415,23.49801
XH1_2016__Mandal 1 3,92.415,23.49801
XH1_2016__Mandal 1 3,92.415,23.49801
XH1_2016__Mandal 1 3,92.415,23.49801
XH1_2016__Mandal 1 3,92.415,23.49801
XH1_2016__Mandal 1 3,92.415,23.49801
XH1_2016__Mandal 1 3,92.415,23.49801
XH1_2016__Mandal 1 4,92.41912,23.5004
XH1_2016__Mandal 1 4,92.41912,23.5004
XH1_2016__Mandal 1 4,92.41912,23.5004
XH1_2016__Mandal 1 4,92.41912,23.5004
XH1_2016__Mandal 1 4,92.41912,23.5004
XH1_2016__Mandal 1 4,92.41912,23.5004
XH1_2016__Mandal 1 4,92.41912,23.5004
XH1_2016__Mandal 1 5,92.4203,23.50012
XH1_2016__Mandal 1 5,92.4203,23.50012
XH1_2016__Mandal 1 5,92.4203,23.50012
XH1_2016__Mandal 1 5,92.4203,23.50012
XH1_2016__Mandal 1 5,92.4203,23.50012
XH1_2016__Mandal 1 5,92.4203,23.50012
XH1_2016__Mandal 1 5,92.4203,23.50012
XH1_2016__Mandal 1 6,92.44855,23.57893
XH1_2016__Mandal 1 6,92.44855,23.57893
XH1_2016__Mandal 1 6,92.44855,23.57893
XH1_2016__Mandal 1 6,92.44855,23.57893
XH1_2016__Mandal 1 6,92.44855,23.57893
XH1_2016__Mandal 1 6,92.44855,23.57893
XH1_2016__Mandal 1 6,92.44855,23.57893
XH1_2016__Mandal 1 7,92.44701,23.57909
XH1_2016__Mandal 1 7,92.44701,23.57909
XH1_2016__Mandal 1 7,92.44701,23.57909
XH1_2016__Mandal 1 7,92.44701,23.57909
XH1_2016__Mandal 1 7,92.44701,23.57909
XH1_2016__Mandal 1 7,92.44701,23.57909
XH1_2016__Mandal 1 7,92.44701,23.57909
XH1_2016__Mandal 1 8,92.445,23.57861
XH1_2016__Mandal 1 8,92.445,23.57861
XH1_2016__Mandal 1 8,92.445,23.57861
XH1_2016__Mandal 1 8,92.445,23.57861
XH1_2016__Mandal 1 8,92.445,23.57861
XH1_2016__Mandal 1 8,92.445,23.57861
XH1_2016__Mandal 1 8,92.445,23.57861
XH1_2016__Mandal 1 9,92.44284,23.57839
XH1_2016__Mandal 1 9,92.44284,23.57839
XH1_2016__Mandal 1 9,92.44284,23.57839
XH1_2016__Mandal 1 9,92.44284,23.57839
XH1_2016__Mandal 1 9,92.44284,23.57839
XH1_2016__Mandal 1 9,92.44284,23.57839
XH1_2016__Mandal 1 9,92.44284,23.57839
XH1_2016__Mandal 1 10,92.44585,23.57922
XH1_2016__Mandal 1 10,92.44585,23.57922
XH1_2016__Mandal 1 10,92.44585,23.57922
XH1_2016__Mandal 1 10,92.44585,23.57922
XH1_2016__Mandal 1 10,92.44585,23.57922
XH1_2016__Mandal 1 10,92.44585,23.57922
XH1_2016__Mandal 1 10,92.44585,23.57922
XH1_2016__Mandal 1 11,92.44736,23.57928
XH1_2016__Mandal 1 11,92.44736,23.57928
XH1_2016__Mandal 1 11,92.44736,23.57928
XH1_2016__Mandal 1 11,92.44736,23.57928
XH1_2016__Mandal 1 11,92.44736,23.57928
XH1_2016__Mandal 1 11,92.44736,23.57928
XH1_2016__Mandal 1 11,92.44736,23.57928
XH1_2016__Mandal 1 12,92.44859,23.58003
XH1_2016__Mandal 1 12,92.44859,23.58003
XH1_2016__Mandal 1 12,92.44859,23.58003
XH1_2016__Mandal 1 12,92.44859,23.58003
XH1_2016__Mandal 1 12,92.44859,23.58003
XH1_2016__Mandal 1 12,92.44859,23.58003
XH1_2016__Mandal 1 12,92.44859,23.58003
XH1_2016__Mandal 1 13,92.45125,23.57767
XH1_2016__Mandal 1 13,92.45125,23.57767
XH1_2016__Mandal 1 13,92.45125,23.57767
XH1_2016__Mandal 1 13,92.45125,23.57767
XH1_2016__Mandal 1 13,92.45125,23.57767
XH1_2016__Mandal 1 13,92.45125,23.57767
XH1_2016__Mandal 1 13,92.45125,23.57767
XH1_2016__Mandal 1 14,92.45078,23.58029
XH1_2016__Mandal 1 14,92.45078,23.58029
XH1_2016__Mandal 1 14,92.45078,23.58029
XH1_2016__Mandal 1 14,92.45078,23.58029
XH1_2016__Mandal 1 14,92.45078,23.58029
XH1_2016__Mandal 1 14,92.45078,23.58029
XH1_2016__Mandal 1 14,92.45078,23.58029
XH1_2016__Mandal 1 15,92.44962,23.58063
XH1_2016__Mandal 1 15,92.44962,23.58063
XH1_2016__Mandal 1 15,92.44962,23.58063
XH1_2016__Mandal 1 15,92.44962,23.58063
XH1_2016__Mandal 1 15,92.44962,23.58063
XH1_2016__Mandal 1 15,92.44962,23.58063
XH1_2016__Mandal 1 15,92.44962,23.58063
XH1_2016__Mandal 1 16,92.45826,23.62334
XH1_2016__Mandal 1 16,92.45826,23.62334
XH1_2016__Mandal 1 16,92.45826,23.62334
XH1_2016__Mandal 1 16,92.45826,23.62334
XH1_2016__Mandal 1 16,92.45826,23.62334
XH1_2016__Mandal 1 16,92.45826,23.62334
XH1_2016__Mandal 1 16,92.45826,23.62334
XH1_2016__Mandal 1 17,92.45667,23.62535
XH1_2016__Mandal 1 17,92.45667,23.62535
XH1_2016__Mandal 1 17,92.45667,23.62535
XH1_2016__Mandal 1 17,92.45667,23.62535
XH1_2016__Mandal 1 17,92.45667,23.62535
XH1_2016__Mandal 1 17,92.45667,23.62535
XH1_2016__Mandal 1 17,92.45667,23.62535
XH1_2016__Mandal 1 18,92.45505,23.63456
XH1_2016__Mandal 1 18,92.45505,23.63456
XH1_2016__Mandal 1 18,92.45505,23.63456
XH1_2016__Mandal 1 18,92.45505,23.63456
XH1_2016__Mandal 1 18,92.45505,23.63456
XH1_2016__Mandal 1 18,92.45505,23.63456
XH1_2016__Mandal 1 18,92.45505,23.63456
XH1_2016__Mandal 1 19,92.45229,23.69289
XH1_2016__Mandal 1 19,92.45229,23.69289
XH1_2016__Mandal 1 19,92.45229,23.69289
XH1_2016__Mandal 1 19,92.45229,23.69289
XH1_2016__Mandal 1 19,92.45229,23.69289
XH1_2016__Mandal 1 19,92.45229,23.69289
XH1_2016__Mandal 1 19,92.45229,23.69289
XH1_2016__Mandal 1 20,92.451,23.69733
XH1_2016__Mandal 1 20,92.451,23.69733
XH1_2016__Mandal 1 20,92.451,23.69733
XH1_2016__Mandal 1 20,92.451,23.69733
XH1_2016__Mandal 1 20,92.451,23.69733
XH1_2016__Mandal 1 20,92.451,23.69733
XH1_2016__Mandal 1 20,92.451,23.69733
XH1_2016__Mandal 1 21,92.45931,23.68716
XH1_2016__Mandal 1 21,92.45931,23.68716
XH1_2016__Mandal 1 21,92.45931,23.68716
XH1_2016__Mandal 1 21,92.45931,23.68716
XH1_2016__Mandal 1 21,92.45931,23.68716
XH1_2016__Mandal 1 21,92.45931,23.68716
XH1_2016__Mandal 1 21,92.45931,23.68716
XH1_2016__Mandal 1 22,92.46016,23.6875
XH1_2016__Mandal 1 22,92.46016,23.6875
XH1_2016__Mandal 1 22,92.46016,23.6875
XH1_2016__Mandal 1 22,92.46016,23.6875
XH1_2016__Mandal 1 22,92.46016,23.6875
XH1_2016__Mandal 1 22,92.46016,23.6875
XH1_2016__Mandal 1 22,92.46016,23.6875
XH1_2016__Mandal 1 23,92.46135,23.6883
XH1_2016__Mandal 1 23,92.46135,23.6883
XH1_2016__Mandal 1 23,92.46135,23.6883
XH1_2016__Mandal 1 23,92.46135,23.6883
XH1_2016__Mandal 1 23,92.46135,23.6883
XH1_2016__Mandal 1 23,92.46135,23.6883
XH1_2016__Mandal 1 23,92.46135,23.6883
XH1_2016__Mandal 1 24,92.46534,23.68742
XH1_2016__Mandal 1 24,92.46534,23.68742
XH1_2016__Mandal 1 24,92.46534,23.68742
XH1_2016__Mandal 1 24,92.46534,23.68742
XH1_2016__Mandal 1 24,92.46534,23.68742
XH1_2016__Mandal 1 24,92.46534,23.68742
XH1_2016__Mandal 1 24,92.46534,23.68742
XH1_2016__Mandal 1 25,92.46577,23.68728
XH1_2016__Mandal 1 25,92.46577,23.68728
XH1_2016__Mandal 1 25,92.46577,23.68728
XH1_2016__Mandal 1 25,92.46577,23.68728
XH1_2016__Mandal 1 25,92.46577,23.68728
XH1_2016__Mandal 1 25,92.46577,23.68728
XH1_2016__Mandal 1 25,92.46577,23.68728
XH1_2016__Mandal 1 26,92.46608,23.68843
XH1_2016__Mandal 1 26,92.46608,23.68843
XH1_2016__Mandal 1 26,92.46608,23.68843
XH1_2016__Mandal 1 26,92.46608,23.68843
XH1_2016__Mandal 1 26,92.46608,23.68843
XH1_2016__Mandal 1 26,92.46608,23.68843
XH1_2016__Mandal 1 26,92.46608,23.68843
XH1_2016__Mandal 1 27,92.4668,23.68928
XH1_2016__Mandal 1 27,92.4668,23.68928
XH1_2016__Mandal 1 27,92.4668,23.68928
XH1_2016__Mandal 1 27,92.4668,23.68928
XH1_2016__Mandal 1 27,92.4668,23.68928
XH1_2016__Mandal 1 27,92.4668,23.68928
XH1_2016__Mandal 1 27,92.4668,23.68928
XH1_2016__Mandal 1 28,92.46637,23.68991
XH1_2016__Mandal 1 28,92.46637,23.68991
XH1_2016__Mandal 1 28,92.46637,23.68991
XH1_2016__Mandal 1 28,92.46637,23.68991
XH1_2016__Mandal 1 28,92.46637,23.68991
XH1_2016__Mandal 1 28,92.46637,23.68991
XH1_2016__Mandal 1 28,92.46637,23.68991
XH1_2016__Mandal 1 29,92.44422,23.7156
XH1_2016__Mandal 1 29,92.44422,23.7156
XH1_2016__Mandal 1 29,92.44422,23.7156
XH1_2016__Mandal 1 29,92.44422,23.7156
XH1_2016__Mandal 1 29,92.44422,23.7156
XH1_2016__Mandal 1 29,92.44422,23.7156
XH1_2016__Mandal 1 29,92.44422,23.7156
XH1_2016__Mandal 1 30,92.44478,23.71693
XH1_2016__Mandal 1 30,92.44478,23.71693
XH1_2016__Mandal 1 30,92.44478,23.71693
XH1_2016__Mandal 1 30,92.44478,23.71693
XH1_2016__Mandal 1 30,92.44478,23.71693
XH1_2016__Mandal 1 30,92.44478,23.71693
XH1_2016__Mandal 1 30,92.44478,23.71693
XH1_2016__Mandal 1 31,92.44322,23.71794
XH1_2016__Mandal 1 31,92.44322,23.71794
XH1_2016__Mandal 1 31,92.44322,23.71794
XH1_2016__Mandal 1 31,92.44322,23.71794
XH1_2016__Mandal 1 31,92.44322,23.71794
XH1_2016__Mandal 1 31,92.44322,23.71794
XH1_2016__Mandal 1 31,92.44322,23.71794
XH1_2016__Mandal 1 32,92.45789,23.68597
XH1_2016__Mandal 1 32,92.45789,23.68597
XH1_2016__Mandal 1 32,92.45789,23.68597
XH1_2016__Mandal 1 32,92.45789,23.68597
XH1_2016__Mandal 1 32,92.45789,23.68597
XH1_2016__Mandal 1 32,92.45789,23.68597
XH1_2016__Mandal 1 32,92.45789,23.68597
XH1_2016__Mandal 1 33,92.46043,23.68521
XH1_2016__Mandal 1 33,92.46043,23.68521
XH1_2016__Mandal 1 33,92.46043,23.68521
XH1_2016__Mandal 1 33,92.46043,23.68521
XH1_2016__Mandal 1 33,92.46043,23.68521
XH1_2016__Mandal 1 33,92.46043,23.68521
XH1_2016__Mandal 1 33,92.46043,23.68521
XH1_2016__Mandal 1 34,92.4608,23.67645
XH1_2016__Mandal 1 34,92.4608,23.67645
XH1_2016__Mandal 1 34,92.4608,23.67645
XH1_2016__Mandal 1 34,92.4608,23.67645
XH1_2016__Mandal 1 34,92.4608,23.67645
XH1_2016__Mandal 1 34,92.4608,23.67645
XH1_2016__Mandal 1 34,92.4608,23.67645
XH1_2016__Mandal 1 35,92.45649,23.68796
XH1_2016__Mandal 1 35,92.45649,23.68796
XH1_2016__Mandal 1 35,92.45649,23.68796
XH1_2016__Mandal 1 35,92.45649,23.68796
XH1_2016__Mandal 1 35,92.45649,23.68796
XH1_2016__Mandal 1 35,92.45649,23.68796
XH1_2016__Mandal 1 35,92.45649,23.68796
XH1_2016__Mandal 1 36,92.45561,23.68226
XH1_2016__Mandal 1 36,92.45561,23.68226
XH1_2016__Mandal 1 36,92.45561,23.68226
XH1_2016__Mandal 1 36,92.45561,23.68226
XH1_2016__Mandal 1 36,92.45561,23.68226
XH1_2016__Mandal 1 36,92.45561,23.68226
XH1_2016__Mandal 1 36,92.45561,23.68226
XH1_2016__Mandal 1 37,92.45592,23.68052
XH1_2016__Mandal 1 37,92.45592,23.68052
XH1_2016__Mandal 1 37,92.45592,23.68052
XH1_2016__Mandal 1 37,92.45592,23.68052
XH1_2016__Mandal 1 37,92.45592,23.68052
XH1_2016__Mandal 1 37,92.45592,23.68052
XH1_2016__Mandal 1 37,92.45592,23.68052
XH1_2016__Mandal 1 38,92.45664,23.67802
XH1_2016__Mandal 1 38,92.45664,23.67802
XH1_2016__Mandal 1 38,92.45664,23.67802
XH1_2016__Mandal 1 38,92.45664,23.67802
XH1_2016__Mandal 1 38,92.45664,23.67802
XH1_2016__Mandal 1 38,92.45664,23.67802
XH1_2016__Mandal 1 38,92.45664,23.67802
XH1_2016__Mandal 1 39,92.45737,23.67662
XH1_2016__Mandal 1 39,92.45737,23.67662
XH1_2016__Mandal 1 39,92.45737,23.67662
XH1_2016__Mandal 1 39,92.45737,23.67662
XH1_2016__Mandal 1 39,92.45737,23.67662
XH1_2016__Mandal 1 39,92.45737,23.67662
XH1_2016__Mandal 1 39,92.45737,23.67662
XH1_2016__Mandal 1 40,92.45743,23.67348
XH1_2016__Mandal 1 40,92.45743,23.67348
XH1_2016__Mandal 1 40,92.45743,23.67348
XH1_2016__Mandal 1 40,92.45743,23.67348
XH1_2016__Mandal 1 40,92.45743,23.67348
XH1_2016__Mandal 1 40,92.45743,23.67348
XH1_2016__Mandal 1 40,92.45743,23.67348
XH1_2016__Mandal 1 41,92.47546,23.72251
XH1_2016__Mandal 1 41,92.47546,23.72251
XH1_2016__Mandal 1 41,92.47546,23.72251
XH1_2016__Mandal 1 41,92.47546,23.72251
XH1_2016__Mandal 1 41,92.47546,23.72251
XH1_2016__Mandal 1 41,92.47546,23.72251
XH1_2016__Mandal 1 41,92.47546,23.72251
XH1_2016__Mandal 1 42,92.45766,23.62863
XH1_2016__Mandal 1 42,92.45766,23.62863
XH1_2016__Mandal 1 42,92.45766,23.62863
XH1_2016__Mandal 1 42,92.45766,23.62863
XH1_2016__Mandal 1 42,92.45766,23.62863
XH1_2016__Mandal 1 42,92.45766,23.62863
XH1_2016__Mandal 1 42,92.45766,23.62863
XH1_2016__Mandal 1 43,92.45795,23.62936
XH1_2016__Mandal 1 43,92.45795,23.62936
XH1_2016__Mandal 1 43,92.45795,23.62936
XH1_2016__Mandal 1 43,92.45795,23.62936
XH1_2016__Mandal 1 43,92.45795,23.62936
XH1_2016__Mandal 1 43,92.45795,23.62936
XH1_2016__Mandal 1 43,92.45795,23.62936
XH1_2016__Mandal 1 44,92.4569,23.63019
XH1_2016__Mandal 1 44,92.4569,23.63019
XH1_2016__Mandal 1 44,92.4569,23.63019
XH1_2016__Mandal 1 44,92.4569,23.63019
XH1_2016__Mandal 1 44,92.4569,23.63019
XH1_2016__Mandal 1 44,92.4569,23.63019
XH1_2016__Mandal 1 44,92.4569,23.63019
XH1_2016__Mandal 1 45,92.45619,23.63149
XH1_2016__Mandal 1 45,92.45619,23.63149
XH1_2016__Mandal 1 45,92.45619,23.63149
XH1_2016__Mandal 1 45,92.45619,23.63149
XH1_2016__Mandal 1 45,92.45619,23.63149
XH1_2016__Mandal 1 45,92.45619,23.63149
XH1_2016__Mandal 1 45,92.45619,23.63149
XH1_2016__Mandal 1 46,92.45543,23.63332
XH1_2016__Mandal 1 46,92.45543,23.63332
XH1_2016__Mandal 1 46,92.45543,23.63332
XH1_2016__Mandal 1 46,92.45543,23.63332
XH1_2016__Mandal 1 46,92.45543,23.63332
XH1_2016__Mandal 1 46,92.45543,23.63332
XH1_2016__Mandal 1 46,92.45543,23.63332
XH1_2016__Mandal 1 47,92.45319,23.63628
XH1_2016__Mandal 1 47,92.45319,23.63628
XH1_2016__Mandal 1 47,92.45319,23.63628
XH1_2016__Mandal 1 47,92.45319,23.63628
XH1_2016__Mandal 1 47,92.45319,23.63628
XH1_2016__Mandal 1 47,92.45319,23.63628
XH1_2016__Mandal 1 47,92.45319,23.63628
XH1_2016__Mandal 1 48,92.44811,23.70333
XH1_2016__Mandal 1 48,92.44811,23.70333
XH1_2016__Mandal 1 48,92.44811,23.70333
XH1_2016__Mandal 1 48,92.44811,23.70333
XH1_2016__Mandal 1 48,92.44811,23.70333
XH1_2016__Mandal 1 48,92.44811,23.70333
XH1_2016__Mandal 1 48,92.44811,23.70333
XH1_2016__Mandal 1 49,92.44421,23.70741
XH1_2016__Mandal 1 49,92.44421,23.70741
XH1_2016__Mandal 1 49,92.44421,23.70741
XH1_2016__Mandal 1 49,92.44421,23.70741
XH1_2016__Mandal 1 49,92.44421,23.70741
XH1_2016__Mandal 1 49,92.44421,23.70741
XH1_2016__Mandal 1 49,92.44421,23.70741
XH1_2016__Mandal 1 50,92.44452,23.70905
XH1_2016__Mandal 1 50,92.44452,23.70905
XH1_2016__Mandal 1 50,92.44452,23.70905
XH1_2016__Mandal 1 50,92.44452,23.70905
XH1_2016__Mandal 1 50,92.44452,23.70905
XH1_2016__Mandal 1 50,92.44452,23.70905
XH1_2016__Mandal 1 50,92.44452,23.70905
XH1_2016__Mandal 1 51,92.4439,23.70961
XH1_2016__Mandal 1 51,92.4439,23.70961
XH1_2016__Mandal 1 51,92.4439,23.70961
XH1_2016__Mandal 1 51,92.4439,23.70961
XH1_2016__Mandal 1 51,92.4439,23.70961
XH1_2016__Mandal 1 51,92.4439,23.70961
XH1_2016__Mandal 1 51,92.4439,23.70961
XH1_2016__Mandal 1 52,92.44317,23.71373
XH1_2016__Mandal 1 52,92.44317,23.71373
XH1_2016__Mandal 1 52,92.44317,23.71373
XH1_2016__Mandal 1 52,92.44317,23.71373
XH1_2016__Mandal 1 52,92.44317,23.71373
XH1_2016__Mandal 1 52,92.44317,23.71373
XH1_2016__Mandal 1 52,92.44317,23.71373
XH1_2016__Mandal 1 53,92.46193,23.68411
XH1_2016__Mandal 1 53,92.46193,23.68411
XH1_2016__Mandal 1 53,92.46193,23.68411
XH1_2016__Mandal 1 53,92.46193,23.68411
XH1_2016__Mandal 1 53,92.46193,23.68411
XH1_2016__Mandal 1 53,92.46193,23.68411
XH1_2016__Mandal 1 53,92.46193,23.68411
XH1_2016__Mandal 1 54,92.45539,23.68474
XH1_2016__Mandal 1 54,92.45539,23.68474
XH1_2016__Mandal 1 54,92.45539,23.68474
XH1_2016__Mandal 1 54,92.45539,23.68474
XH1_2016__Mandal 1 54,92.45539,23.68474
XH1_2016__Mandal 1 54,92.45539,23.68474
XH1_2016__Mandal 1 54,92.45539,23.68474
XH1_2016__Mandal 1 55,92.45818,23.67276
XH1_2016__Mandal 1 55,92.45818,23.67276
XH1_2016__Mandal 1 55,92.45818,23.67276
XH1_2016__Mandal 1 55,92.45818,23.67276
XH1_2016__Mandal 1 55,92.45818,23.67276
XH1_2016__Mandal 1 55,92.45818,23.67276
XH1_2016__Mandal 1 55,92.45818,23.67276
XH1_2016__Mandal 1 56,92.45785,23.67108
XH1_2016__Mandal 1 56,92.45785,23.67108
XH1_2016__Mandal 1 56,92.45785,23.67108
XH1_2016__Mandal 1 56,92.45785,23.67108
XH1_2016__Mandal 1 56,92.45785,23.67108
XH1_2016__Mandal 1 56,92.45785,23.67108
XH1_2016__Mandal 1 56,92.45785,23.67108
XH1_2016__Mandal 1 57,92.45718,23.66932
XH1_2016__Mandal 1 57,92.45718,23.66932
XH1_2016__Mandal 1 57,92.45718,23.66932
XH1_2016__Mandal 1 57,92.45718,23.66932
XH1_2016__Mandal 1 57,92.45718,23.66932
XH1_2016__Mandal 1 57,92.45718,23.66932
XH1_2016__Mandal 1 57,92.45718,23.66932
XH1_2016__Mandal 1 58,92.45687,23.6685
XH1_2016__Mandal 1 58,92.45687,23.6685
XH1_2016__Mandal 1 58,92.45687,23.6685
XH1_2016__Mandal 1 58,92.45687,23.6685
XH1_2016__Mandal 1 58,92.45687,23.6685
XH1_2016__Mandal 1 58,92.45687,23.6685
XH1_2016__Mandal 1 58,92.45687,23.6685
XH1_2016__Mandal 1 59,92.37179,23.69941
XH1_2016__Mandal 1 59,92.37179,23.69941
XH1_2016__Mandal 1 59,92.37179,23.69941
XH1_2016__Mandal 1 59,92.37179,23.69941
XH1_2016__Mandal 1 59,92.37179,23.69941
XH1_2016__Mandal 1 59,92.37179,23.69941
XH1_2016__Mandal 1 59,92.37179,23.69941
XH1_2016__Mandal 1 60,92.37041,23.70146
XH1_2016__Mandal 1 60,92.37041,23.70146
XH1_2016__Mandal 1 60,92.37041,23.70146
XH1_2016__Mandal 1 60,92.37041,23.70146
XH1_2016__Mandal 1 60,92.37041,23.70146
XH1_2016__Mandal 1 60,92.37041,23.70146
XH1_2016__Mandal 1 60,92.37041,23.70146
XH1_2016__Mandal 1 61,92.47526,23.71778
XH1_2016__Mandal 1 61,92.47526,23.71778
XH1_2016__Mandal 1 61,92.47526,23.71778
XH1_2016__Mandal 1 61,92.47526,23.71778
XH1_2016__Mandal 1 61,92.47526,23.71778
XH1_2016__Mandal 1 61,92.47526,23.71778
XH1_2016__Mandal 1 61,92.47526,23.71778
XH1_2016__Mandal 1 62,92.4753,23.71907
XH1_2016__Mandal 1 62,92.4753,23.71907
XH1_2016__Mandal 1 62,92.4753,23.71907
XH1_2016__Mandal 1 62,92.4753,23.71907
XH1_2016__Mandal 1 62,92.4753,23.71907
XH1_2016__Mandal 1 62,92.4753,23.71907
XH1_2016__Mandal 1 62,92.4753,23.71907
XH1_2016__Mandal 1 63,92.47534,23.72035
XH1_2016__Mandal 1 63,92.47534,23.72035
XH1_2016__Mandal 1 63,92.47534,23.72035
XH1_2016__Mandal 1 63,92.47534,23.72035
XH1_2016__Mandal 1 63,92.47534,23.72035
XH1_2016__Mandal 1 63,92.47534,23.72035
XH1_2016__Mandal 1 63,92.47534,23.72035
XH1_2016__Mandal 1 64,92.47538,23.72164
XH1_2016__Mandal 1 64,92.47538,23.72164
XH1_2016__Mandal 1 64,92.47538,23.72164
XH1_2016__Mandal 1 64,92.47538,23.72164
XH1_2016__Mandal 1 64,92.47538,23.72164
XH1_2016__Mandal 1 64,92.47538,23.72164
XH1_2016__Mandal 1 64,92.47538,23.72164
XH1_2016__Mandal 1 65,92.41543,23.49939
XH1_2016__Mandal 1 65,92.41543,23.49939
XH1_2016__Mandal 1 65,92.41543,23.49939
XH1_2016__Mandal 1 65,92.41543,23.49939
XH1_2016__Mandal 1 65,92.41543,23.49939
XH1_2016__Mandal 1 65,92.41543,23.49939
XH1_2016__Mandal 1 65,92.41543,23.49939
XH1_2016__Mandal 1 66,92.41424,23.50043
XH1_2016__Mandal 1 66,92.41424,23.50043
XH1_2016__Mandal 1 66,92.41424,23.50043
XH1_2016__Mandal 1 66,92.41424,23.50043
XH1_2016__Mandal 1 66,92.41424,23.50043
XH1_2016__Mandal 1 66,92.41424,23.50043
XH1_2016__Mandal 1 66,92.41424,23.50043
XH1_2016__Mandal 1 67,92.41305,23.50145
XH1_2016__Mandal 1 67,92.41305,23.50145
XH1_2016__Mandal 1 67,92.41305,23.50145
XH1_2016__Mandal 1 67,92.41305,23.50145
XH1_2016__Mandal 1 67,92.41305,23.50145
XH1_2016__Mandal 1 67,92.41305,23.50145
XH1_2016__Mandal 1 67,92.41305,23.50145
XH1_2016__Mandal 1 68,92.41124,23.50152
XH1_2016__Mandal 1 68,92.41124,23.50152
XH1_2016__Mandal 1 68,92.41124,23.50152
XH1_2016__Mandal 1 68,92.41124,23.50152
XH1_2016__Mandal 1 68,92.41124,23.50152
XH1_2016__Mandal 1 68,92.41124,23.50152
XH1_2016__Mandal 1 68,92.41124,23.50152
XH1_2016__Mandal 1 69,92.40942,23.50159
XH1_2016__Mandal 1 69,92.40942,23.50159
XH1_2016__Mandal 1 69,92.40942,23.50159
XH1_2016__Mandal 1 69,92.40942,23.50159
XH1_2016__Mandal 1 69,92.40942,23.50159
XH1_2016__Mandal 1 69,92.40942,23.50159
XH1_2016__Mandal 1 69,92.40942,23.50159
XH1_2016__Mandal 1 70,92.40703,23.50173
XH1_2016__Mandal 1 70,92.40703,23.50173
XH1_2016__Mandal 1 70,92.40703,23.50173
XH1_2016__Mandal 1 70,92.40703,23.50173
XH1_2016__Mandal 1 70,92.40703,23.50173
XH1_2016__Mandal 1 70,92.40703,23.50173
XH1_2016__Mandal 1 70,92.40703,23.50173
XH1_2016__Mandal 1 71,92.45897,23.62254
XH1_2016__Mandal 1 71,92.45897,23.62254
XH1_2016__Mandal 1 71,92.45897,23.62254
XH1_2016__Mandal 1 71,92.45897,23.62254
XH1_2016__Mandal 1 71,92.45897,23.62254
XH1_2016__Mandal 1 71,92.45897,23.62254
XH1_2016__Mandal 1 71,92.45897,23.62254
XH1_2016__Mandal 1 72,92.37151,23.69753
XH1_2016__Mandal 1 72,92.37151,23.69753
XH1_2016__Mandal 1 72,92.37151,23.69753
XH1_2016__Mandal 1 72,92.37151,23.69753
XH1_2016__Mandal 1 72,92.37151,23.69753
XH1_2016__Mandal 1 72,92.37151,23.69753
XH1_2016__Mandal 1 72,92.37151,23.69753
XH1_2016__Mandal 1 73,92.3695,23.68348
XH1_2016__Mandal 1 73,92.3695,23.68348
XH1_2016__Mandal 1 73,92.3695,23.68348
XH1_2016__Mandal 1 73,92.3695,23.68348
XH1_2016__Mandal 1 73,92.3695,23.68348
XH1_2016__Mandal 1 73,92.3695,23.68348
XH1_2016__Mandal 1 73,92.3695,23.68348
XH1_2016__Mandal 1 74,92.36631,23.67391
XH1_2016__Mandal 1 74,92.36631,23.67391
XH1_2016__Mandal 1 74,92.36631,23.67391
XH1_2016__Mandal 1 74,92.36631,23.67391
XH1_2016__Mandal 1 74,92.36631,23.67391
XH1_2016__Mandal 1 74,92.36631,23.67391
XH1_2016__Mandal 1 74,92.36631,23.67391
XH1_2016__Mandal 1 75,92.35921,23.67897
XH1_2016__Mandal 1 75,92.35921,23.67897
XH1_2016__Mandal 1 75,92.35921,23.67897
XH1_2016__Mandal 1 75,92.35921,23.67897
XH1_2016__Mandal 1 75,92.35921,23.67897
XH1_2016__Mandal 1 75,92.35921,23.67897
XH1_2016__Mandal 1 75,92.35921,23.67897
XH1_2016__Mandal 1 76,92.35913,23.67298
XH1_2016__Mandal 1 76,92.35913,23.67298
XH1_2016__Mandal 1 76,92.35913,23.67298
XH1_2016__Mandal 1 76,92.35913,23.67298
XH1_2016__Mandal 1 76,92.35913,23.67298
XH1_2016__Mandal 1 76,92.35913,23.67298
XH1_2016__Mandal 1 76,92.35913,23.67298
XH1_2016__Mandal 1 77,92.35897,23.67091
XH1_2016__Mandal 1 77,92.35897,23.67091
XH1_2016__Mandal 1 77,92.35897,23.67091
XH1_2016__Mandal 1 77,92.35897,23.67091
XH1_2016__Mandal 1 77,92.35897,23.67091
XH1_2016__Mandal 1 77,92.35897,23.67091
XH1_2016__Mandal 1 77,92.35897,23.67091
XH1_2016__Mandal 1 78,92.36018,23.66933
XH1_2016__Mandal 1 78,92.36018,23.66933
XH1_2016__Mandal 1 78,92.36018,23.66933
XH1_2016__Mandal 1 78,92.36018,23.66933
XH1_2016__Mandal 1 78,92.36018,23.66933
XH1_2016__Mandal 1 78,92.36018,23.66933
XH1_2016__Mandal 1 78,92.36018,23.66933
XH1_2016__Mandal 1 79,92.35104,23.71172
XH1_2016__Mandal 1 79,92.35104,23.71172
XH1_2016__Mandal 1 79,92.35104,23.71172
XH1_2016__Mandal 1 79,92.35104,23.71172
XH1_2016__Mandal 1 79,92.35104,23.71172
XH1_2016__Mandal 1 79,92.35104,23.71172
XH1_2016__Mandal 1 79,92.35104,23.71172
XH1_2016__Mandal 1 80,92.35262,23.71178
XH1_2016__Mandal 1 80,92.35262,23.71178
XH1_2016__Mandal 1 80,92.35262,23.71178
XH1_2016__Mandal 1 80,92.35262,23.71178
XH1_2016__Mandal 1 80,92.35262,23.71178
XH1_2016__Mandal 1 80,92.35262,23.71178
XH1_2016__Mandal 1 80,92.35262,23.71178
XH1_2016__Mandal 1 81,92.44411,23.67984
XH1_2016__Mandal 1 81,92.44411,23.67984
XH1_2016__Mandal 1 81,92.44411,23.67984
XH1_2016__Mandal 1 81,92.44411,23.67984
XH1_2016__Mandal 1 81,92.44411,23.67984
XH1_2016__Mandal 1 81,92.44411,23.67984
XH1_2016__Mandal 1 81,92.44411,23.67984
XH1_2016__Mandal 1 82,92.44282,23.6784
XH1_2016__Mandal 1 82,92.44282,23.6784
XH1_2016__Mandal 1 82,92.44282,23.6784
XH1_2016__Mandal 1 82,92.44282,23.6784
XH1_2016__Mandal 1 82,92.44282,23.6784
XH1_2016__Mandal 1 82,92.44282,23.6784
XH1_2016__Mandal 1 82,92.44282,23.6784
XH1_2016__Mandal 1 83,92.44479,23.68054
XH1_2016__Mandal 1 83,92.44479,23.68054
XH1_2016__Mandal 1 83,92.44479,23.68054
XH1_2016__Mandal 1 83,92.44479,23.68054
XH1_2016__Mandal 1 83,92.44479,23.68054
XH1_2016__Mandal 1 83,92.44479,23.68054
XH1_2016__Mandal 1 83,92.44479,23.68054
XH1_2016__Mandal 1 84,92.44342,23.67913
XH1_2016__Mandal 1 84,92.44342,23.67913
XH1_2016__Mandal 1 84,92.44342,23.67913
XH1_2016__Mandal 1 84,92.44342,23.67913
XH1_2016__Mandal 1 84,92.44342,23.67913
XH1_2016__Mandal 1 84,92.44342,23.67913
XH1_2016__Mandal 1 84,92.44342,23.67913
XH1_2016__Mandal 1 85,92.44222,23.67766
XH1_2016__Mandal 1 85,92.44222,23.67766
XH1_2016__Mandal 1 85,92.44222,23.67766
XH1_2016__Mandal 1 85,92.44222,23.67766
XH1_2016__Mandal 1 85,92.44222,23.67766
XH1_2016__Mandal 1 85,92.44222,23.67766
XH1_2016__Mandal 1 85,92.44222,23.67766
XH1_2016__Mandal 1 86,92.42696,23.67078
XH1_2016__Mandal 1 86,92.42696,23.67078
XH1_2016__Mandal 1 86,92.42696,23.67078
XH1_2016__Mandal 1 86,92.42696,23.67078
XH1_2016__Mandal 1 86,92.42696,23.67078
XH1_2016__Mandal 1 86,92.42696,23.67078
XH1_2016__Mandal 1 86,92.42696,23.67078
XH1_2016__Mandal 1 87,92.42835,23.66925
XH1_2016__Mandal 1 87,92.42835,23.66925
XH1_2016__Mandal 1 87,92.42835,23.66925
XH1_2016__Mandal 1 87,92.42835,23.66925
XH1_2016__Mandal 1 87,92.42835,23.66925
XH1_2016__Mandal 1 87,92.42835,23.66925
XH1_2016__Mandal 1 87,92.42835,23.66925
XH1_2016__Mandal 1 88,92.42629,23.67154
XH1_2016__Mandal 1 88,92.42629,23.67154
XH1_2016__Mandal 1 88,92.42629,23.67154
XH1_2016__Mandal 1 88,92.42629,23.67154
XH1_2016__Mandal 1 88,92.42629,23.67154
XH1_2016__Mandal 1 88,92.42629,23.67154
XH1_2016__Mandal 1 88,92.42629,23.67154
XH1_2016__Mandal 1 89,92.42762,23.67001
XH1_2016__Mandal 1 89,92.42762,23.67001
XH1_2016__Mandal 1 89,92.42762,23.67001
XH1_2016__Mandal 1 89,92.42762,23.67001
XH1_2016__Mandal 1 89,92.42762,23.67001
XH1_2016__Mandal 1 89,92.42762,23.67001
XH1_2016__Mandal 1 89,92.42762,23.67001
XH1_2016__Mandal 1 90,92.42907,23.66848
XH1_2016__Mandal 1 90,92.42907,23.66848
XH1_2016__Mandal 1 90,92.42907,23.66848
XH1_2016__Mandal 1 90,92.42907,23.66848
XH1_2016__Mandal 1 90,92.42907,23.66848
XH1_2016__Mandal 1 90,92.42907,23.66848
XH1_2016__Mandal 1 90,92.42907,23.66848
XH1_2016__Mandal 1 91,92.42213,23.67281
XH1_2016__Mandal 1 91,92.42213,23.67281
XH1_2016__Mandal 1 91,92.42213,23.67281
XH1_2016__Mandal 1 91,92.42213,23.67281
XH1_2016__Mandal 1 91,92.42213,23.67281
XH1_2016__Mandal 1 91,92.42213,23.67281
XH1_2016__Mandal 1 91,92.42213,23.67281
XH1_2016__Mandal 1 92,92.42408,23.67226
XH1_2016__Mandal 1 92,92.42408,23.67226
XH1_2016__Mandal 1 92,92.42408,23.67226
XH1_2016__Mandal 1 92,92.42408,23.67226
XH1_2016__Mandal 1 92,92.42408,23.67226
XH1_2016__Mandal 1 92,92.42408,23.67226
XH1_2016__Mandal 1 92,92.42408,23.67226
XH1_2016__Mandal 1 93,92.42123,23.67305
XH1_2016__Mandal 1 93,92.42123,23.67305
XH1_2016__Mandal 1 93,92.42123,23.67305
XH1_2016__Mandal 1 93,92.42123,23.67305
XH1_2016__Mandal 1 93,92.42123,23.67305
XH1_2016__Mandal 1 93,92.42123,23.67305
XH1_2016__Mandal 1 93,92.42123,23.67305
XH1_2016__Mandal 1 94,92.42303,23.67256
XH1_2016__Mandal 1 94,92.42303,23.67256
XH1_2016__Mandal 1 94,92.42303,23.67256
XH1_2016__Mandal 1 94,92.42303,23.67256
XH1_2016__Mandal 1 94,92.42303,23.67256
XH1_2016__Mandal 1 94,92.42303,23.67256
XH1_2016__Mandal 1 94,92.42303,23.67256
XH1_2016__Mandal 1 95,92.42513,23.67195
XH1_2016__Mandal 1 95,92.42513,23.67195
XH1_2016__Mandal 1 95,92.42513,23.67195
XH1_2016__Mandal 1 95,92.42513,23.67195
XH1_2016__Mandal 1 95,92.42513,23.67195
XH1_2016__Mandal 1 95,92.42513,23.67195
XH1_2016__Mandal 1 95,92.42513,23.67195
XH1_2016__Mandal 1 96,92.41255,23.68594
XH1_2016__Mandal 1 96,92.41255,23.68594
XH1_2016__Mandal 1 96,92.41255,23.68594
XH1_2016__Mandal 1 96,92.41255,23.68594
XH1_2016__Mandal 1 96,92.41255,23.68594
XH1_2016__Mandal 1 96,92.41255,23.68594
XH1_2016__Mandal 1 96,92.41255,23.68594
XH1_2016__Mandal 1 97,92.41263,23.6879
XH1_2016__Mandal 1 97,92.41263,23.6879
XH1_2016__Mandal 1 97,92.41263,23.6879
XH1_2016__Mandal 1 97,92.41263,23.6879
XH1_2016__Mandal 1 97,92.41263,23.6879
XH1_2016__Mandal 1 97,92.41263,23.6879
XH1_2016__Mandal 1 97,92.41263,23.6879
XH1_2016__Mandal 1 98,92.41245,23.68497
XH1_2016__Mandal 1 98,92.41245,23.68497
XH1_2016__Mandal 1 98,92.41245,23.68497
XH1_2016__Mandal 1 98,92.41245,23.68497
XH1_2016__Mandal 1 98,92.41245,23.68497
XH1_2016__Mandal 1 98,92.41245,23.68497
XH1_2016__Mandal 1 98,92.41245,23.68497
XH1_2016__Mandal 1 99,92.41264,23.6869
XH1_2016__Mandal 1 99,92.41264,23.6869
XH1_2016__Mandal 1 99,92.41264,23.6869
XH1_2016__Mandal 1 99,92.41264,23.6869
XH1_2016__Mandal 1 99,92.41264,23.6869
XH1_2016__Mandal 1 99,92.41264,23.6869
XH1_2016__Mandal 1 99,92.41264,23.6869
XH1_2016__Mandal 1 100,92.41262,23.6889
XH1_2016__Mandal 1 100,92.41262,23.6889
XH1_2016__Mandal 1 100,92.41262,23.6889
XH1_2016__Mandal 1 100,92.41262,23.6889
XH1_2016__Mandal 1 100,92.41262,23.6889
XH1_2016__Mandal 1 100,92.41262,23.6889
XH1_2016__Mandal 1 100,92.41262,23.6889